brand,model,memory,standard_model_memory,product_id,product_url,display_type,display_size,resolution,refresh_rate_hz,os,chipset,cpu,gpu,main_camera,main_camera_mp,selfie_camera,selfie_camera_mp,battery,battery_mah,charging,charging_w,colors,mrp_price,selling_price,source,last_updated
Infinix,Infinix GT 50 Pro,12/256,Infinix GT 50 Pro 12/256,,https://pk.infinixmobility.com/specs/gt-50-pro,"AMOLED, 1B colors, 144Hz, 2304Hz PWM, HDR, 700 nits (typ), 1600 nits (HBM), 4500 nits (peak)",6.78 inches,1208 x 2644 pixels,144,"Android 16, XOS 16",Mediatek Dimensity 8400 Ultimate (4 nm),Octa-core (1x3.25 GHz Cortex-A725 & 3x3.0 GHz Cortex-A725 & 4x2.1 GHz Cortex-A725),Mali-G720 MC7,50 MP + 8 MP ultrawide,50,13 MP,13,6150 mAh or 6500 mAh,6150,45W wired; 30W wireless; 10W reverse wired; 5W reverse wireless,45,"Black Abyss, Red Blaze, Silver Glacier",,,GSMArena screenshot supplied by user,2026-09-27
Infinix,Infinix GT 50 Pro,12/512,Infinix GT 50 Pro 12/512,,https://pk.infinixmobility.com/specs/gt-50-pro,"AMOLED, 1B colors, 144Hz, 2304Hz PWM, HDR, 700 nits (typ), 1600 nits (HBM), 4500 nits (peak)",6.78 inches,1208 x 2644 pixels,144,"Android 16, XOS 16",Mediatek Dimensity 8400 Ultimate (4 nm),Octa-core (1x3.25 GHz Cortex-A725 & 3x3.0 GHz Cortex-A725 & 4x2.1 GHz Cortex-A725),Mali-G720 MC7,50 MP + 8 MP ultrawide,50,13 MP,13,6150 mAh or 6500 mAh,6150,45W wired; 30W wireless; 10W reverse wired; 5W reverse wireless,45,"Black Abyss, Red Blaze, Silver Glacier",,,GSMArena screenshot supplied by user,2026-09-27
Infinix,Infinix GT 30 Pro,8/256,Infinix GT 30 Pro 8/256,,https://pk.infinixmobility.com/GT-30-Pro,"AMOLED, 1B colors, 144Hz, 2304Hz PWM, 700 nits (typ), 1600 nits (HBM), 4500 nits (peak)",6.78 inches,1224 x 2720 pixels,144,"Android 15, XOS 15",Mediatek Dimensity 8350 Ultimate (4 nm),Octa-core (1x3.35 GHz Cortex-A715 & 3x3.20 GHz Cortex-A715 & 4x2.20 GHz Cortex-A510),Mali-G615-MC6,108 MP + 8 MP ultrawide,108,13 MP,13,5200 mAh or 5500 mAh,5200,45W wired; 30W wireless; 10W reverse wired; 5W reverse wireless,45,"Dark Flare, Blade White, Shadow Ash",,,GSMArena screenshot supplied by user,2026-09-27
Infinix,Infinix GT 30 Pro,12/256,Infinix GT 30 Pro 12/256,,https://pk.infinixmobility.com/GT-30-Pro,"AMOLED, 1B colors, 144Hz, 2304Hz PWM, 700 nits (typ), 1600 nits (HBM), 4500 nits (peak)",6.78 inches,1224 x 2720 pixels,144,"Android 15, XOS 15",Mediatek Dimensity 8350 Ultimate (4 nm),Octa-core (1x3.35 GHz Cortex-A715 & 3x3.20 GHz Cortex-A715 & 4x2.20 GHz Cortex-A510),Mali-G615-MC6,108 MP + 8 MP ultrawide,108,13 MP,13,5200 mAh or 5500 mAh,5200,45W wired; 30W wireless; 10W reverse wired; 5W reverse wireless,45,"Dark Flare, Blade White, Shadow Ash",,,GSMArena screenshot supplied by user,2026-09-27
Infinix,Infinix GT 30 Pro,12/512,Infinix GT 30 Pro 12/512,,https://pk.infinixmobility.com/GT-30-Pro,"AMOLED, 1B colors, 144Hz, 2304Hz PWM, 700 nits (typ), 1600 nits (HBM), 4500 nits (peak)",6.78 inches,1224 x 2720 pixels,144,"Android 15, XOS 15",Mediatek Dimensity 8350 Ultimate (4 nm),Octa-core (1x3.35 GHz Cortex-A715 & 3x3.20 GHz Cortex-A715 & 4x2.20 GHz Cortex-A510),Mali-G615-MC6,108 MP + 8 MP ultrawide,108,13 MP,13,5200 mAh or 5500 mAh,5200,45W wired; 30W wireless; 10W reverse wired; 5W reverse wireless,45,"Dark Flare, Blade White, Shadow Ash",,,GSMArena screenshot supplied by user,2026-09-27
Infinix,Infinix Note Edge,8/128,Infinix Note Edge 8/128,573405510,https://pk.infinixmobility.com/specs/note-edge,"AMOLED, 1B colors, 120Hz, 2160Hz PWM, 700 nits (typ), 1600 nits (HBM), 4500 nits (peak)","6.78 inches, 112.1 cm2 (~88.8% screen-to-body ratio)","1208 x 2644 pixels, 19.5:9 ratio (~429 ppi density)",120,"Android 16, up to 3 major Android upgrades, XOS 16",Mediatek Dimensity 7100 (6 nm),Octa-core (4x2.4 GHz Cortex-A78 & 4x2.0 GHz Cortex-A55),Mali-G610 MC2,"Single: 50 MP, (wide), 1/2.0"", 0.8µm, PDAF",50,"Single: 13 MP, f/2.2 (wide)",13,6500 mAh,6500,"45W wired, 50% in 27 min",45,"Lunar Titanium, Silk Green, Stellar Blue, Shadow Black, Orange",,,Official brand website + Mobile Price Monitor reference fallback,2026-09-27
Infinix,Infinix Note Edge,8/256,Infinix Note Edge 8/256,573714646,https://pk.infinixmobility.com/specs/note-edge,"AMOLED, 1B colors, 120Hz, 2160Hz PWM, 700 nits (typ), 1600 nits (HBM), 4500 nits (peak)","6.78 inches, 112.1 cm2 (~88.8% screen-to-body ratio)","1208 x 2644 pixels, 19.5:9 ratio (~429 ppi density)",120,"Android 16, up to 3 major Android upgrades, XOS 16",Mediatek Dimensity 7100 (6 nm),Octa-core (4x2.4 GHz Cortex-A78 & 4x2.0 GHz Cortex-A55),Mali-G610 MC2,"Single: 50 MP, (wide), 1/2.0"", 0.8µm, PDAF",50,"Single: 13 MP, f/2.2 (wide)",13,6500 mAh,6500,"45W wired, 50% in 27 min",45,"Lunar Titanium, Silk Green, Stellar Blue, Shadow Black, Orange",,,Official brand website + Mobile Price Monitor reference fallback,2026-09-27
Infinix,Infinix Note 60 Pro,8/256,Infinix Note 60 Pro 8/256,1578093953,https://pk.infinixmobility.com/specs/note-60-pro,"AMOLED, 144Hz, 2304Hz PWM, 700 nits (typ), 1600 nits (HBM), 4500 nits (peak)","6.78 inches, 112.1 cm2 (~89.4% screen-to-body ratio)","1208 x 2644 pixels, 19.5:9 ratio (~429 ppi density)",144,"Android 16, up to 3 major Android upgrades, XOS 16",Qualcomm SM7635-AC Snapdragon 7s Gen 4 (4 nm),Octa-core (1x2.7 GHz Cortex-A720 & 3x2.4 GHz Cortex-A720 & 4x1.8 GHz Cortex-A520),Adreno 810,"Dual: 50 MP, f/1.6, 27mm (wide), 1/1.95"", 0.8µm, PDAF (9cm - ∞), OIS 8 MP, f/2.2, 15mm, 112˚ (ultrawide), 1/4.0"", 1.12µm",50,"Single: 13 MP, f/2.2, 24mm (wide), 1/3.1"", 1.12µm",13,6000 mAh or 6500 mAh,6500,"90W wired, 50% in 16 min, 100% in 41 min (6500 mAh) 90W wired, 50% in 14 min, 100% in 35 min (6000 mAh) 30W wireless 7.5W reverse wired 5W reverse wireless Bypass Charging (gaming, navigating)",90,"Mist Titanium, Deep Ocean Blue, Solar Orange, Mocha Brown, Torino Black, Frost Silver",,,Official brand website + Mobile Price Monitor reference fallback,2026-09-27
Infinix,Infinix Note 60,8/256,Infinix Note 60 8/256,1578021733,https://bd.infinixmobility.com/specs/note-60,"AMOLED, 144Hz, 2304Hz PWM, 700 nits (typ), 1600 nits (HBM), 4500 nits (peak)","6.78 inches, 112.1 cm2 (~89.4% screen-to-body ratio)","1208 x 2644 pixels, 19.5:9 ratio (~429 ppi density)",144,"Android 16, up to 3 major Android upgrades, XOS 16",Mediatek Dimensity 7400 Ultimate (4 nm),Octa-core (4x2.6 GHz Cortex-A78 & 4x2.0 GHz Cortex-A55),Mali-G615 MC2,"Dual: 50 MP, f/1.6, (wide), 0.8µm, PDAF, OIS 8 MP, f/2.2, 112˚ (ultrawide), 1.12µm",50,"Single: 13 MP, f/2.2, (wide), 1.12µm",13,6150 mAh or 6500 mAh,6500,"45W wired, 50% in 26 min, 100% in 54 min 30W wireless",45,"Mist Titanium, Midnight Black, Fizz Blue, Rose Gold, Mocha Brown",,,Official brand website + Mobile Price Monitor reference fallback,2026-09-27
Infinix,Infinix Note 50 Pro,8/256,Infinix Note 50 Pro 8/256,558221797,https://pk.infinixmobility.com/specs/note-50-pro,"AMOLED, 1B colors, 144Hz, 2160Hz PWM, 1300 nits (peak)","6.78 inches, 109.9 cm2 (~90.4% screen-to-body ratio)",1080 x 2436 pixels (~393 ppi density),144,"Android 15, up to 2 major Android upgrades, XOS 15",Mediatek Helio G100 Ultimate (6 nm),Octa-core (2x2.2 GHz Cortex-A76 & 6x2.0 GHz Cortex-A55),Mali-G57 MC2,"Dual: 50 MP, f/1.9, (wide), 1/1.57"", 1.0µm, PDAF, OIS 8 MP, f/2.2, 15mm, 112˚ (ultrawide)",50,"Single: 32 MP, f/2.2, (wide), 1/3.1""",32,5200 mAh,5200,"90W wired, 100% in 38 min 30W wireless MagCharge 10W Reverse wired Reverse wireless Bypass Charging",90,"Titanium Grey, Enchanted Purple, Racing Edition, Shadow Black",,,Official brand website + Mobile Price Monitor reference fallback,2026-09-27
Infinix,Infinix Hot 70 Pro 5G,6/128,Infinix Hot 70 Pro 5G 6/128,,https://pk.infinixmobility.com/specs/hot-70-pro-5g%2B,"IPS LCD, 144Hz, 950 nits (HBM)",6.76 inches,1080 x 2344 pixels,144,"Android 16, XOS 16",Mediatek Dimensity 7100 (6 nm),Octa-core (4x2.4 GHz Cortex-A78 & 4x2.0 GHz Cortex-A55),Mali-G610 MC2,50 MP,50,8 MP,8,6000 mAh or 5600 mAh,6000,45W wired; 10W reverse wired; bypass charging,45,"Thermo Orange, Mirage Green, Silk Glow Purple, Depth Ring White, Night Pulse, Dive Blue",,,GSMArena screenshot supplied by user,2026-09-27
Infinix,Infinix Hot 70 Pro 5G,8/128,Infinix Hot 70 Pro 5G 8/128,,https://pk.infinixmobility.com/specs/hot-70-pro-5g%2B,"IPS LCD, 144Hz, 950 nits (HBM)",6.76 inches,1080 x 2344 pixels,144,"Android 16, XOS 16",Mediatek Dimensity 7100 (6 nm),Octa-core (4x2.4 GHz Cortex-A78 & 4x2.0 GHz Cortex-A55),Mali-G610 MC2,50 MP,50,8 MP,8,6000 mAh or 5600 mAh,6000,45W wired; 10W reverse wired; bypass charging,45,"Thermo Orange, Mirage Green, Silk Glow Purple, Depth Ring White, Night Pulse, Dive Blue",,,GSMArena screenshot supplied by user,2026-09-27
Infinix,Infinix Hot 70 Pro 5G,8/256,Infinix Hot 70 Pro 5G 8/256,,https://pk.infinixmobility.com/specs/hot-70-pro-5g%2B,"IPS LCD, 144Hz, 950 nits (HBM)",6.76 inches,1080 x 2344 pixels,144,"Android 16, XOS 16",Mediatek Dimensity 7100 (6 nm),Octa-core (4x2.4 GHz Cortex-A78 & 4x2.0 GHz Cortex-A55),Mali-G610 MC2,50 MP,50,8 MP,8,6000 mAh or 5600 mAh,6000,45W wired; 10W reverse wired; bypass charging,45,"Thermo Orange, Mirage Green, Silk Glow Purple, Depth Ring White, Night Pulse, Dive Blue",,,GSMArena screenshot supplied by user,2026-09-27
Infinix,Infinix Hot 70,4/128,Infinix Hot 70 4/128,1581962560,https://bd.infinixmobility.com/specs/hot-70,"IPS LCD, 120Hz, 700 nits (HBM)","6.78 inches, 112.1 cm2 (~84.4% screen-to-body ratio)","720 x 1576 pixels, 19.5:9 ratio (~256 ppi density)",120,"Android 16, XOS 16",Mediatek Helio G100 Ultimate (6 nm),Octa-core (2x2.2 GHz Cortex-A76 & 6x2.0 GHz Cortex-A55),Mali-G52 MC2,"Single: 50 MP, f/1.9, (wide), AF",50,"Single: 8 MP, f/2.0, (wide)",8,6000 mAh,6000,45W wired,45,"Night Pulse, Dive Blue, Silver Dancer, Thermo Orange",,,Official brand website + Mobile Price Monitor reference fallback,2026-09-27
Infinix,Infinix Hot 70,6/128,Infinix Hot 70 6/128,1581745024,https://bd.infinixmobility.com/specs/hot-70,"IPS LCD, 120Hz, 700 nits (HBM)","6.78 inches, 112.1 cm2 (~84.4% screen-to-body ratio)","720 x 1576 pixels, 19.5:9 ratio (~256 ppi density)",120,"Android 16, XOS 16",Mediatek Helio G100 Ultimate (6 nm),Octa-core (2x2.2 GHz Cortex-A76 & 6x2.0 GHz Cortex-A55),Mali-G52 MC2,"Single: 50 MP, f/1.9, (wide), AF",50,"Single: 8 MP, f/2.0, (wide)",8,6000 mAh,6000,45W wired,45,"Night Pulse, Dive Blue, Silver Dancer, Thermo Orange",,,Official brand website + Mobile Price Monitor reference fallback,2026-09-27
Infinix,Infinix Smart 20,4/64,Infinix Smart 20 4/64,1573292783,https://bd.infinixmobility.com/specs/smart-20,"IPS LCD, 120Hz, 700 nits (HBM)","6.78 inches, 109.5 cm2 (~82.9% screen-to-body ratio)","720 x 1576 pixels, 19.5:9 ratio (~259 ppi density)",120,"Android 16, XOS 16",Mediatek Helio G81 Ultimate (12 nm),Octa-core (2x2.0 GHz Cortex-A75 & 6x1.7 GHz Cortex-A55),Mali-G52 MC2,"Single: 8 MP, f/2.0, (wide), 1/4.0"", 1.12µm, AF",8,"Single: 8 MP, f/2.0, (wide), 1/4.0"", 1.12µm",8,5200 mAh,5200,15W wired (5W reverse wired),15,"Shadow Black, Cloudline Blue, Polaris Titanium, Sunlike Orange",,,Official brand website + Mobile Price Monitor reference fallback,2026-09-27
Tecno,Tecno Camon 50 Ultra,8/256,Tecno Camon 50 Ultra 8/256,,https://www.tecno-mobile.com/bd/phones/tech-specs/techspecs/camon-50-ultra-5g/,AMOLED 144Hz 1,,1208*2644,144,HiOS 16 Processor MediaTek Dimensity 7400 Ultimate Processor Network 2G 3G 4G 5G Dim,MediaTek Dimensity 7400 Ultimate Processor Network 2G 3G 4G 5G Dimension 162,,,50MP 1/1.56'' OIS+50MP 3X+8MP Ultra-wide Memory 256GB+16GB* (8GB Extended RAM) 256GB+24GB* (12GB Extended RAM) Connectivity WiFi BT FM GPS NFC Type-C Port OTG Sensor Geomagnetic Se,50,50MP Rear: 50MP 1/1.56'' OIS+50MP 3X+8MP Ultra-wide Memory 256GB+16GB* (8GB Extended RAM) 256GB+24GB,50,"6500mAh 5-Year Durability Battery, 45W Super Charge Loudspeaker Dual Speakers Dolby Atm",6500,45W Super Charg,45,Black Green titanium Color Moonshadow Black / Cypress Green / Nebula Titanium,,,Official brand website,2026-09-27
Tecno,Tecno Camon 50 Ultra,12/256,Tecno Camon 50 Ultra 12/256,,https://www.tecno-mobile.com/bd/phones/tech-specs/techspecs/camon-50-ultra-5g/,AMOLED 144Hz 1,,1208*2644,144,HiOS 16 Processor MediaTek Dimensity 7400 Ultimate Processor Network 2G 3G 4G 5G Dim,MediaTek Dimensity 7400 Ultimate Processor Network 2G 3G 4G 5G Dimension 162,,,50MP 1/1.56'' OIS+50MP 3X+8MP Ultra-wide Memory 256GB+16GB* (8GB Extended RAM) 256GB+24GB* (12GB Extended RAM) Connectivity WiFi BT FM GPS NFC Type-C Port OTG Sensor Geomagnetic Se,50,50MP Rear: 50MP 1/1.56'' OIS+50MP 3X+8MP Ultra-wide Memory 256GB+16GB* (8GB Extended RAM) 256GB+24GB,50,"6500mAh 5-Year Durability Battery, 45W Super Charge Loudspeaker Dual Speakers Dolby Atm",6500,45W Super Charg,45,Black Green titanium Color Moonshadow Black / Cypress Green / Nebula Titanium,,,Official brand website,2026-09-27
Tecno,Tecno Camon 50,8/128,Tecno Camon 50 8/128,,https://www.tecno-mobile.com/bd/phones/tech-specs/techspecs/camon-50/,AMOLED 144Hz 1,,1208*2644,144,HiOS 16 Processor MediaTek Helio G200 Ultimate Processor Network 2G 3G 4G Dimension,MediaTek Helio G200 Ultimate Processor Network 2G 3G 4G Dimension 162,,,50MP 1/1.56'' OIS+8MP Ultra-wide AF Memory 256GB ROM+16GB RAM*(8GB+8GB Extended) 128GB ROM+16GB RAM*(8GB+8GB Extended) Connectivity WiFi BT FM GPS NFC Type-C Port OTG Sensor Geomag,50,32MP Rear: 50MP 1/1.56'' OIS+8MP Ultra-wide AF Memory 256GB ROM+16GB RAM*(8GB+8GB Extended) 128GB RO,32,"6500mAh 5-Year Durability Battery, 45W Super Charge Loudspeaker Dual Speakers Dolby Atm",6500,45W Super Charg,45,Black green Titanium Color Moonshadow Black / Malachite Green / Nebula Titanium,,,Official brand website,2026-09-27
Tecno,Tecno Camon 50,8/256,Tecno Camon 50 8/256,,https://www.tecno-mobile.com/bd/phones/tech-specs/techspecs/camon-50/,AMOLED 144Hz 1,,1208*2644,144,HiOS 16 Processor MediaTek Helio G200 Ultimate Processor Network 2G 3G 4G Dimension,MediaTek Helio G200 Ultimate Processor Network 2G 3G 4G Dimension 162,,,50MP 1/1.56'' OIS+8MP Ultra-wide AF Memory 256GB ROM+16GB RAM*(8GB+8GB Extended) 128GB ROM+16GB RAM*(8GB+8GB Extended) Connectivity WiFi BT FM GPS NFC Type-C Port OTG Sensor Geomag,50,32MP Rear: 50MP 1/1.56'' OIS+8MP Ultra-wide AF Memory 256GB ROM+16GB RAM*(8GB+8GB Extended) 128GB RO,32,"6500mAh 5-Year Durability Battery, 45W Super Charge Loudspeaker Dual Speakers Dolby Atm",6500,45W Super Charg,45,Black green Titanium Color Moonshadow Black / Malachite Green / Nebula Titanium,,,Official brand website,2026-09-27
Tecno,Tecno Spark 50 Pro,4/128,Tecno Spark 50 Pro 4/128,,https://www.tecno-mobile.com/bd/phones/tech-specs/techspecs/spark-50-pro/,"IPS LCD, 120Hz",6.78 inches,720 x 1600 pixels,120,"Android 16, HiOS 16",Mediatek Helio G100 Ultimate (6 nm),Octa-core (2x2.2 GHz Cortex-A76 & 6x2.0 GHz Cortex-A55),Mali-G52 MC2,50 MP,50,8 MP,8,6000 mAh or 5600 mAh,6000,60W wired; bypass charging,60,"Ink Black, Titanium Grey, Midnight Blue, Dynamic Orange, Cloud White",,,GSMArena screenshot supplied by user,2026-09-27
Tecno,Tecno Spark 50 Pro,6/128,Tecno Spark 50 Pro 6/128,,https://www.tecno-mobile.com/bd/phones/tech-specs/techspecs/spark-50-pro/,"IPS LCD, 120Hz",6.78 inches,720 x 1600 pixels,120,"Android 16, HiOS 16",Mediatek Helio G100 Ultimate (6 nm),Octa-core (2x2.2 GHz Cortex-A76 & 6x2.0 GHz Cortex-A55),Mali-G52 MC2,50 MP,50,8 MP,8,6000 mAh or 5600 mAh,6000,60W wired; bypass charging,60,"Ink Black, Titanium Grey, Midnight Blue, Dynamic Orange, Cloud White",,,GSMArena screenshot supplied by user,2026-09-27
Tecno,Tecno Spark 50 Pro,8/128,Tecno Spark 50 Pro 8/128,,https://www.tecno-mobile.com/bd/phones/tech-specs/techspecs/spark-50-pro/,"IPS LCD, 120Hz",6.78 inches,720 x 1600 pixels,120,"Android 16, HiOS 16",Mediatek Helio G100 Ultimate (6 nm),Octa-core (2x2.2 GHz Cortex-A76 & 6x2.0 GHz Cortex-A55),Mali-G52 MC2,50 MP,50,8 MP,8,6000 mAh or 5600 mAh,6000,60W wired; bypass charging,60,"Ink Black, Titanium Grey, Midnight Blue, Dynamic Orange, Cloud White",,,GSMArena screenshot supplied by user,2026-09-27
Tecno,Tecno Spark 50 Pro,6/256,Tecno Spark 50 Pro 6/256,,https://www.tecno-mobile.com/bd/phones/tech-specs/techspecs/spark-50-pro/,"IPS LCD, 120Hz",6.78 inches,720 x 1600 pixels,120,"Android 16, HiOS 16",Mediatek Helio G100 Ultimate (6 nm),Octa-core (2x2.2 GHz Cortex-A76 & 6x2.0 GHz Cortex-A55),Mali-G52 MC2,50 MP,50,8 MP,8,6000 mAh or 5600 mAh,6000,60W wired; bypass charging,60,"Ink Black, Titanium Grey, Midnight Blue, Dynamic Orange, Cloud White",,,GSMArena screenshot supplied by user,2026-09-27
Tecno,Tecno Spark 50,4/128,Tecno Spark 50 4/128,,https://www.tecno-mobile.com/bd/phones/tech-specs/techspecs/spark-50/,"IPS LCD, 120Hz",6.78 inches,720 x 1600 pixels,120,"Android 16, HiOS 16",MediaTek Helio G81,Octa-core (2x2.0 GHz Cortex-A75 & 6x1.8 GHz Cortex-A55),Mali-G57 MC2,50 MP,50,8 MP,8,7000 mAh,7000,18W wired,18,"Halo Blue, Titanium Grey, Ink Black, Aurora Purple, Bloom Pink",,,GSMArena screenshot supplied by user,2026-09-27
Tecno,Tecno Spark 50,6/128,Tecno Spark 50 6/128,,https://www.tecno-mobile.com/bd/phones/tech-specs/techspecs/spark-50/,"IPS LCD, 120Hz",6.78 inches,720 x 1600 pixels,120,"Android 16, HiOS 16",MediaTek Helio G81,Octa-core (2x2.0 GHz Cortex-A75 & 6x1.8 GHz Cortex-A55),Mali-G57 MC2,50 MP,50,8 MP,8,7000 mAh,7000,18W wired,18,"Halo Blue, Titanium Grey, Ink Black, Aurora Purple, Bloom Pink",,,GSMArena screenshot supplied by user,2026-09-27
Tecno,Tecno Spark 50,8/128,Tecno Spark 50 8/128,,https://www.tecno-mobile.com/bd/phones/tech-specs/techspecs/spark-50/,"IPS LCD, 120Hz",6.78 inches,720 x 1600 pixels,120,"Android 16, HiOS 16",MediaTek Helio G81,Octa-core (2x2.0 GHz Cortex-A75 & 6x1.8 GHz Cortex-A55),Mali-G57 MC2,50 MP,50,8 MP,8,7000 mAh,7000,18W wired,18,"Halo Blue, Titanium Grey, Ink Black, Aurora Purple, Bloom Pink",,,GSMArena screenshot supplied by user,2026-09-27
Tecno,Tecno Spark 50,4/256,Tecno Spark 50 4/256,,https://www.tecno-mobile.com/bd/phones/tech-specs/techspecs/spark-50/,"IPS LCD, 120Hz",6.78 inches,720 x 1600 pixels,120,"Android 16, HiOS 16",MediaTek Helio G81,Octa-core (2x2.0 GHz Cortex-A75 & 6x1.8 GHz Cortex-A55),Mali-G57 MC2,50 MP,50,8 MP,8,7000 mAh,7000,18W wired,18,"Halo Blue, Titanium Grey, Ink Black, Aurora Purple, Bloom Pink",,,GSMArena screenshot supplied by user,2026-09-27
Tecno,Tecno Spark 50,8/256,Tecno Spark 50 8/256,,https://www.tecno-mobile.com/bd/phones/tech-specs/techspecs/spark-50/,"IPS LCD, 120Hz",6.78 inches,720 x 1600 pixels,120,"Android 16, HiOS 16",MediaTek Helio G81,Octa-core (2x2.0 GHz Cortex-A75 & 6x1.8 GHz Cortex-A55),Mali-G57 MC2,50 MP,50,8 MP,8,7000 mAh,7000,18W wired,18,"Halo Blue, Titanium Grey, Ink Black, Aurora Purple, Bloom Pink",,,GSMArena screenshot supplied by user,2026-09-27
Tecno,Tecno Spark Go 3,4/64,Tecno Spark Go 3 4/64,,https://www.tecno-mobile.com/bd/phones/tech-specs/techspecs/spark-go-3/,"IPS LCD, 120Hz",6.74 inches,720 x 1600 pixels,120,"Android 15, HiOS 15",Unisoc T7250 (12 nm),Octa-core (2x1.8 GHz Cortex-A75 & 6x1.6 GHz Cortex-A55),Mali-G57 MP1,13 MP,13,8 MP,8,5000 mAh,5000,15W wired,15,"Titanium Grey, Ink Black, Galaxy Blue, Aurora Purple",,,GSMArena screenshot supplied by user,2026-09-27
Tecno,Tecno Spark Go 3,4/128,Tecno Spark Go 3 4/128,,https://www.tecno-mobile.com/bd/phones/tech-specs/techspecs/spark-go-3/,"IPS LCD, 120Hz",6.74 inches,720 x 1600 pixels,120,"Android 15, HiOS 15",Unisoc T7250 (12 nm),Octa-core (2x1.8 GHz Cortex-A75 & 6x1.6 GHz Cortex-A55),Mali-G57 MP1,13 MP,13,8 MP,8,5000 mAh,5000,15W wired,15,"Titanium Grey, Ink Black, Galaxy Blue, Aurora Purple",,,GSMArena screenshot supplied by user,2026-09-27
Tecno,Tecno POVA Curve 2 5G,8/128,Tecno POVA Curve 2 5G 8/128,,https://www.tecno-mobile.com/bd/phones/tech-specs/techspecs/pova-curve-2-5g/,AMOLED Display Corning Gorilla Glass 7i Size: 6,6.78 inch,2364*1080,144,"HiOS 16 Based on Android 16 Processor MediaTek Dimensity 7100 5G CPU: 6nm, Octa-core","MediaTek Dimensity 7100 5G CPU: 6nm, Octa-core, Up to 2","6nm, Octa-core, Up to 2",Arm Mali-G610 MC2 Network 2G 3G 4G 5G Dimension 162,50 MP + 2 MP Memory 256GB ROM + 16GB RAM* (8GB + 8GB Extended) 128GB ROM + 16GB RAM* (8GB + 8GB Extended) Connectivity Wi-Fi BT 5.4 GPS GlONASS Beidou Galileo NFC Sensor Ambient Li,50,13 MP Rear: 50 MP + 2 MP Memory 256GB ROM + 16GB RAM* (8GB + 8GB Extended) 128GB ROM + 16GB RAM* (8G,13,8000mAh Battery 45W Fast Charge Type-C Loudspeaker Dolby Atmos Hi-Res Audio CHOOSE YOUR,8000,45W Fast Charg,45,Neon Cyan Magic Silver Geek Black Color Mystic Purple / Melting Silver / Storm Titanium,,,Official brand website,2026-09-27
Tecno,Tecno POVA Curve 2 5G,8/256,Tecno POVA Curve 2 5G 8/256,,https://www.tecno-mobile.com/bd/phones/tech-specs/techspecs/pova-curve-2-5g/,AMOLED Display Corning Gorilla Glass 7i Size: 6,6.78 inch,2364*1080,144,"HiOS 16 Based on Android 16 Processor MediaTek Dimensity 7100 5G CPU: 6nm, Octa-core","MediaTek Dimensity 7100 5G CPU: 6nm, Octa-core, Up to 2","6nm, Octa-core, Up to 2",Arm Mali-G610 MC2 Network 2G 3G 4G 5G Dimension 162,50 MP + 2 MP Memory 256GB ROM + 16GB RAM* (8GB + 8GB Extended) 128GB ROM + 16GB RAM* (8GB + 8GB Extended) Connectivity Wi-Fi BT 5.4 GPS GlONASS Beidou Galileo NFC Sensor Ambient Li,50,13 MP Rear: 50 MP + 2 MP Memory 256GB ROM + 16GB RAM* (8GB + 8GB Extended) 128GB ROM + 16GB RAM* (8G,13,8000mAh Battery 45W Fast Charge Type-C Loudspeaker Dolby Atmos Hi-Res Audio CHOOSE YOUR,8000,45W Fast Charg,45,Neon Cyan Magic Silver Geek Black Color Mystic Purple / Melting Silver / Storm Titanium,,,Official brand website,2026-09-27
Samsung,Samsung Galaxy S26 FE,8/128,Samsung Galaxy S26 FE 8/128,,https://www.samsung.com/pk/smartphones/galaxy-s/galaxy-s26-fe-pistachio-256gb-sm-s741blggpkd/#specs,"Dynamic AMOLED 2X, 120Hz, HDR10+, 1900 nits (HBM)",6.7 inches,1080 x 2340 pixels,120,"Android 17, One UI 9",Exynos 2500 (3 nm),10-core CPU,Xclipse 950,50 MP + 8 MP telephoto + 12 MP ultrawide,50,12 MP,12,4900 mAh,4900,45W wired; 15W wireless; reverse wireless,45,"Blueberry, Graphite, Pistachio",,,GSMArena screenshot supplied by user,2026-09-27
Samsung,Samsung Galaxy S26 FE,8/256,Samsung Galaxy S26 FE 8/256,,https://www.samsung.com/pk/smartphones/galaxy-s/galaxy-s26-fe-pistachio-256gb-sm-s741blggpkd/#specs,"Dynamic AMOLED 2X, 120Hz, HDR10+, 1900 nits (HBM)",6.7 inches,1080 x 2340 pixels,120,"Android 17, One UI 9",Exynos 2500 (3 nm),10-core CPU,Xclipse 950,50 MP + 8 MP telephoto + 12 MP ultrawide,50,12 MP,12,4900 mAh,4900,45W wired; 15W wireless; reverse wireless,45,"Blueberry, Graphite, Pistachio",,,GSMArena screenshot supplied by user,2026-09-27
Samsung,Samsung Galaxy S26 FE,8/512,Samsung Galaxy S26 FE 8/512,,https://www.samsung.com/pk/smartphones/galaxy-s/galaxy-s26-fe-pistachio-256gb-sm-s741blggpkd/#specs,"Dynamic AMOLED 2X, 120Hz, HDR10+, 1900 nits (HBM)",6.7 inches,1080 x 2340 pixels,120,"Android 17, One UI 9",Exynos 2500 (3 nm),10-core CPU,Xclipse 950,50 MP + 8 MP telephoto + 12 MP ultrawide,50,12 MP,12,4900 mAh,4900,45W wired; 15W wireless; reverse wireless,45,"Blueberry, Graphite, Pistachio",,,GSMArena screenshot supplied by user,2026-09-27
Samsung,Samsung Galaxy A27,6/128,Samsung Galaxy A27 6/128,,https://www.samsung.com/pk/smartphones/galaxy-a/galaxy-a27-5g-light-pink-256gb-sm-a276blijpkd/#specs,"Super AMOLED, 120Hz",6.7 inches,1080 x 2340 pixels,120,"Android 16, One UI 8.5",Qualcomm SM6475-AB Snapdragon 6 Gen 3 (4 nm),Octa-core (4x2.4 GHz Cortex-A78 & 4x1.8 GHz Cortex-A55),Adreno 710,50 MP + 5 MP ultrawide + 2 MP macro,50,12 MP,12,5000 mAh,5000,25W wired,25,"Black, Blue, Light Green, Light Pink",,,GSMArena screenshot supplied by user,2026-09-27
Samsung,Samsung Galaxy A27,8/128,Samsung Galaxy A27 8/128,,https://www.samsung.com/pk/smartphones/galaxy-a/galaxy-a27-5g-light-pink-256gb-sm-a276blijpkd/#specs,"Super AMOLED, 120Hz",6.7 inches,1080 x 2340 pixels,120,"Android 16, One UI 8.5",Qualcomm SM6475-AB Snapdragon 6 Gen 3 (4 nm),Octa-core (4x2.4 GHz Cortex-A78 & 4x1.8 GHz Cortex-A55),Adreno 710,50 MP + 5 MP ultrawide + 2 MP macro,50,12 MP,12,5000 mAh,5000,25W wired,25,"Black, Blue, Light Green, Light Pink",,,GSMArena screenshot supplied by user,2026-09-27
Samsung,Samsung Galaxy A27,8/256,Samsung Galaxy A27 8/256,,https://www.samsung.com/pk/smartphones/galaxy-a/galaxy-a27-5g-light-pink-256gb-sm-a276blijpkd/#specs,"Super AMOLED, 120Hz",6.7 inches,1080 x 2340 pixels,120,"Android 16, One UI 8.5",Qualcomm SM6475-AB Snapdragon 6 Gen 3 (4 nm),Octa-core (4x2.4 GHz Cortex-A78 & 4x1.8 GHz Cortex-A55),Adreno 710,50 MP + 5 MP ultrawide + 2 MP macro,50,12 MP,12,5000 mAh,5000,25W wired,25,"Black, Blue, Light Green, Light Pink",,,GSMArena screenshot supplied by user,2026-09-27
Samsung,Samsung Galaxy A17,4/128,Samsung Galaxy A17 4/128,,https://www.samsung.com/pk/smartphones/galaxy-a/galaxy-a17-5g-black-256gb-sm-a176bzkgpkd/#specs,"Super AMOLED, 90Hz, 800 nits (HBM)",6.7 inches,1080 x 2340 pixels,90,"Android 15, One UI 8.5",Exynos 1330 (5 nm),Octa-core (2x2.4 GHz Cortex-A78 & 6x2.0 GHz Cortex-A55),Mali-G68 MP2,50 MP + 5 MP ultrawide + 2 MP macro,50,13 MP,13,5000 mAh,5000,25W wired,25,"Black, Gray, Blue",,,GSMArena screenshot supplied by user,2026-09-27
Samsung,Samsung Galaxy A17,6/128,Samsung Galaxy A17 6/128,,https://www.samsung.com/pk/smartphones/galaxy-a/galaxy-a17-5g-black-256gb-sm-a176bzkgpkd/#specs,"Super AMOLED, 90Hz, 800 nits (HBM)",6.7 inches,1080 x 2340 pixels,90,"Android 15, One UI 8.5",Exynos 1330 (5 nm),Octa-core (2x2.4 GHz Cortex-A78 & 6x2.0 GHz Cortex-A55),Mali-G68 MP2,50 MP + 5 MP ultrawide + 2 MP macro,50,13 MP,13,5000 mAh,5000,25W wired,25,"Black, Gray, Blue",,,GSMArena screenshot supplied by user,2026-09-27
Samsung,Samsung Galaxy A17,8/128,Samsung Galaxy A17 8/128,,https://www.samsung.com/pk/smartphones/galaxy-a/galaxy-a17-5g-black-256gb-sm-a176bzkgpkd/#specs,"Super AMOLED, 90Hz, 800 nits (HBM)",6.7 inches,1080 x 2340 pixels,90,"Android 15, One UI 8.5",Exynos 1330 (5 nm),Octa-core (2x2.4 GHz Cortex-A78 & 6x2.0 GHz Cortex-A55),Mali-G68 MP2,50 MP + 5 MP ultrawide + 2 MP macro,50,13 MP,13,5000 mAh,5000,25W wired,25,"Black, Gray, Blue",,,GSMArena screenshot supplied by user,2026-09-27
Samsung,Samsung Galaxy A17,8/256,Samsung Galaxy A17 8/256,,https://www.samsung.com/pk/smartphones/galaxy-a/galaxy-a17-5g-black-256gb-sm-a176bzkgpkd/#specs,"Super AMOLED, 90Hz, 800 nits (HBM)",6.7 inches,1080 x 2340 pixels,90,"Android 15, One UI 8.5",Exynos 1330 (5 nm),Octa-core (2x2.4 GHz Cortex-A78 & 6x2.0 GHz Cortex-A55),Mali-G68 MP2,50 MP + 5 MP ultrawide + 2 MP macro,50,13 MP,13,5000 mAh,5000,25W wired,25,"Black, Gray, Blue",,,GSMArena screenshot supplied by user,2026-09-27
Samsung,Samsung Galaxy A37,6/128,Samsung Galaxy A37 6/128,,https://www.samsung.com/pk/smartphones/galaxy-a/galaxy-a37-5g-awesome-graygreen-256gb-sm-a376bdgvpkd/#specs,"Super AMOLED, 120Hz, 1200 nits (HBM), 1900 nits (peak)",6.7 inches,1080 x 2340 pixels,120,"Android 16, One UI 8.5",Exynos 1480 (4 nm),Octa-core (4x2.75 GHz Cortex-A78 & 4x2.0 GHz Cortex-A55),Xclipse 530,50 MP + 8 MP ultrawide + 5 MP macro,50,12 MP,12,5000 mAh,5000,45W wired,45,"Graygreen, Charcoal, White, Light Violet",,,GSMArena screenshot supplied by user,2026-09-27
Samsung,Samsung Galaxy A37,8/128,Samsung Galaxy A37 8/128,,https://www.samsung.com/pk/smartphones/galaxy-a/galaxy-a37-5g-awesome-graygreen-256gb-sm-a376bdgvpkd/#specs,"Super AMOLED, 120Hz, 1200 nits (HBM), 1900 nits (peak)",6.7 inches,1080 x 2340 pixels,120,"Android 16, One UI 8.5",Exynos 1480 (4 nm),Octa-core (4x2.75 GHz Cortex-A78 & 4x2.0 GHz Cortex-A55),Xclipse 530,50 MP + 8 MP ultrawide + 5 MP macro,50,12 MP,12,5000 mAh,5000,45W wired,45,"Graygreen, Charcoal, White, Light Violet",,,GSMArena screenshot supplied by user,2026-09-27
Samsung,Samsung Galaxy A37,8/256,Samsung Galaxy A37 8/256,,https://www.samsung.com/pk/smartphones/galaxy-a/galaxy-a37-5g-awesome-graygreen-256gb-sm-a376bdgvpkd/#specs,"Super AMOLED, 120Hz, 1200 nits (HBM), 1900 nits (peak)",6.7 inches,1080 x 2340 pixels,120,"Android 16, One UI 8.5",Exynos 1480 (4 nm),Octa-core (4x2.75 GHz Cortex-A78 & 4x2.0 GHz Cortex-A55),Xclipse 530,50 MP + 8 MP ultrawide + 5 MP macro,50,12 MP,12,5000 mAh,5000,45W wired,45,"Graygreen, Charcoal, White, Light Violet",,,GSMArena screenshot supplied by user,2026-09-27
Samsung,Samsung Galaxy A37,12/256,Samsung Galaxy A37 12/256,,https://www.samsung.com/pk/smartphones/galaxy-a/galaxy-a37-5g-awesome-graygreen-256gb-sm-a376bdgvpkd/#specs,"Super AMOLED, 120Hz, 1200 nits (HBM), 1900 nits (peak)",6.7 inches,1080 x 2340 pixels,120,"Android 16, One UI 8.5",Exynos 1480 (4 nm),Octa-core (4x2.75 GHz Cortex-A78 & 4x2.0 GHz Cortex-A55),Xclipse 530,50 MP + 8 MP ultrawide + 5 MP macro,50,12 MP,12,5000 mAh,5000,45W wired,45,"Graygreen, Charcoal, White, Light Violet",,,GSMArena screenshot supplied by user,2026-09-27
Samsung,Samsung Galaxy A57,6/128,Samsung Galaxy A57 6/128,,https://www.samsung.com/pk/smartphones/galaxy-a/galaxy-a57-5g-awesome-navy-256gb-sm-a576bdbppkd/#specs,"Super AMOLED, 120Hz, HDR10+, 1200 nits (HBM), 1900 nits (peak)",6.7 inches,1080 x 2340 pixels,120,"Android 16, One UI 8.5",Exynos 1680 (4 nm),Octa-core,Xclipse 550,50 MP + 12 MP ultrawide + 5 MP macro,50,12 MP,12,5000 mAh,5000,45W wired,45,"Navy, Gray, Iceblue, Lilac",,,GSMArena screenshot supplied by user,2026-09-27
Samsung,Samsung Galaxy A57,8/256,Samsung Galaxy A57 8/256,,https://www.samsung.com/pk/smartphones/galaxy-a/galaxy-a57-5g-awesome-navy-256gb-sm-a576bdbppkd/#specs,"Super AMOLED, 120Hz, HDR10+, 1200 nits (HBM), 1900 nits (peak)",6.7 inches,1080 x 2340 pixels,120,"Android 16, One UI 8.5",Exynos 1680 (4 nm),Octa-core,Xclipse 550,50 MP + 12 MP ultrawide + 5 MP macro,50,12 MP,12,5000 mAh,5000,45W wired,45,"Navy, Gray, Iceblue, Lilac",,,GSMArena screenshot supplied by user,2026-09-27
Samsung,Samsung Galaxy A57,12/256,Samsung Galaxy A57 12/256,,https://www.samsung.com/pk/smartphones/galaxy-a/galaxy-a57-5g-awesome-navy-256gb-sm-a576bdbppkd/#specs,"Super AMOLED, 120Hz, HDR10+, 1200 nits (HBM), 1900 nits (peak)",6.7 inches,1080 x 2340 pixels,120,"Android 16, One UI 8.5",Exynos 1680 (4 nm),Octa-core,Xclipse 550,50 MP + 12 MP ultrawide + 5 MP macro,50,12 MP,12,5000 mAh,5000,45W wired,45,"Navy, Gray, Iceblue, Lilac",,,GSMArena screenshot supplied by user,2026-09-27
Samsung,Samsung Galaxy A57,12/512,Samsung Galaxy A57 12/512,,https://www.samsung.com/pk/smartphones/galaxy-a/galaxy-a57-5g-awesome-navy-256gb-sm-a576bdbppkd/#specs,"Super AMOLED, 120Hz, HDR10+, 1200 nits (HBM), 1900 nits (peak)",6.7 inches,1080 x 2340 pixels,120,"Android 16, One UI 8.5",Exynos 1680 (4 nm),Octa-core,Xclipse 550,50 MP + 12 MP ultrawide + 5 MP macro,50,12 MP,12,5000 mAh,5000,45W wired,45,"Navy, Gray, Iceblue, Lilac",,,GSMArena screenshot supplied by user,2026-09-27
Samsung,Samsung Galaxy S26,12/128,Samsung Galaxy S26 12/128,,https://www.samsung.com/pk/smartphones/galaxy-s26/specs/,"Dynamic LTPO AMOLED 2X, 120Hz, HDR10+, 2600 nits (peak)",6.3 inches,1080 x 2340 pixels,120,"Android 16, One UI 9",Snapdragon 8 Elite Gen 5 / Exynos 2600,Octa-core / 10-core,Adreno 840 / Xclipse 960,50 MP + 10 MP telephoto + 12 MP ultrawide,50,12 MP,12,4300 mAh,4300,25W wired; 15W wireless; 4.5W reverse wireless,25,"Cobalt Violet, Sky Blue, Black, White, Silver Shadow, Pink Gold",,,GSMArena screenshot supplied by user,2026-09-27
Samsung,Samsung Galaxy S26,12/256,Samsung Galaxy S26 12/256,,https://www.samsung.com/pk/smartphones/galaxy-s26/specs/,"Dynamic LTPO AMOLED 2X, 120Hz, HDR10+, 2600 nits (peak)",6.3 inches,1080 x 2340 pixels,120,"Android 16, One UI 9",Snapdragon 8 Elite Gen 5 / Exynos 2600,Octa-core / 10-core,Adreno 840 / Xclipse 960,50 MP + 10 MP telephoto + 12 MP ultrawide,50,12 MP,12,4300 mAh,4300,25W wired; 15W wireless; 4.5W reverse wireless,25,"Cobalt Violet, Sky Blue, Black, White, Silver Shadow, Pink Gold",,,GSMArena screenshot supplied by user,2026-09-27
Samsung,Samsung Galaxy S26,12/512,Samsung Galaxy S26 12/512,,https://www.samsung.com/pk/smartphones/galaxy-s26/specs/,"Dynamic LTPO AMOLED 2X, 120Hz, HDR10+, 2600 nits (peak)",6.3 inches,1080 x 2340 pixels,120,"Android 16, One UI 9",Snapdragon 8 Elite Gen 5 / Exynos 2600,Octa-core / 10-core,Adreno 840 / Xclipse 960,50 MP + 10 MP telephoto + 12 MP ultrawide,50,12 MP,12,4300 mAh,4300,25W wired; 15W wireless; 4.5W reverse wireless,25,"Cobalt Violet, Sky Blue, Black, White, Silver Shadow, Pink Gold",,,GSMArena screenshot supplied by user,2026-09-27
Samsung,Samsung Galaxy S26 Plus,12/256,Samsung Galaxy S26 Plus 12/256,,https://www.samsung.com/pk/smartphones/galaxy-s26/specs/,"Dynamic LTPO AMOLED 2X, 120Hz, HDR10+, 2600 nits (peak)",6.7 inches,1440 x 3120 pixels,120,"Android 16, One UI 9",Snapdragon 8 Elite Gen 5 / Exynos 2600,Octa-core / 10-core,Adreno 840 / Xclipse 960,50 MP + 10 MP telephoto + 12 MP ultrawide,50,12 MP,12,4900 mAh,4900,45W wired; 20W wireless; 4.5W reverse wireless,45,"Cobalt Violet, Sky Blue, Black, White, Silver Shadow, Pink Gold",,,GSMArena screenshot supplied by user,2026-09-27
Samsung,Samsung Galaxy S26 Plus,12/512,Samsung Galaxy S26 Plus 12/512,,https://www.samsung.com/pk/smartphones/galaxy-s26/specs/,"Dynamic LTPO AMOLED 2X, 120Hz, HDR10+, 2600 nits (peak)",6.7 inches,1440 x 3120 pixels,120,"Android 16, One UI 9",Snapdragon 8 Elite Gen 5 / Exynos 2600,Octa-core / 10-core,Adreno 840 / Xclipse 960,50 MP + 10 MP telephoto + 12 MP ultrawide,50,12 MP,12,4900 mAh,4900,45W wired; 20W wireless; 4.5W reverse wireless,45,"Cobalt Violet, Sky Blue, Black, White, Silver Shadow, Pink Gold",,,GSMArena screenshot supplied by user,2026-09-27
Samsung,Samsung Galaxy S26 Ultra,12/256,Samsung Galaxy S26 Ultra 12/256,,https://www.samsung.com/pk/smartphones/galaxy-s26/specs/,"Dynamic LTPO AMOLED 2X, 120Hz, HDR10+, 2600 nits (peak)",6.9 inches,1440 x 3120 pixels,120,"Android 16, One UI 9",Qualcomm SM8850-1-AD Snapdragon 8 Elite Gen 5 (3 nm),Octa-core,Adreno 840,200 MP + 10 MP telephoto + 50 MP periscope telephoto + 50 MP ultrawide,200,12 MP,12,5000 mAh,5000,60W wired; 25W wireless; 4.5W reverse wireless,60,"Cobalt Violet, Sky Blue, Black, White, Silver Shadow, Pink Gold",,,GSMArena screenshot supplied by user,2026-09-27
Samsung,Samsung Galaxy S26 Ultra,12/512,Samsung Galaxy S26 Ultra 12/512,,https://www.samsung.com/pk/smartphones/galaxy-s26/specs/,"Dynamic LTPO AMOLED 2X, 120Hz, HDR10+, 2600 nits (peak)",6.9 inches,1440 x 3120 pixels,120,"Android 16, One UI 9",Qualcomm SM8850-1-AD Snapdragon 8 Elite Gen 5 (3 nm),Octa-core,Adreno 840,200 MP + 10 MP telephoto + 50 MP periscope telephoto + 50 MP ultrawide,200,12 MP,12,5000 mAh,5000,60W wired; 25W wireless; 4.5W reverse wireless,60,"Cobalt Violet, Sky Blue, Black, White, Silver Shadow, Pink Gold",,,GSMArena screenshot supplied by user,2026-09-27
Samsung,Samsung Galaxy S26 Ultra,16/1024,Samsung Galaxy S26 Ultra 16/1024,,https://www.samsung.com/pk/smartphones/galaxy-s26/specs/,"Dynamic LTPO AMOLED 2X, 120Hz, HDR10+, 2600 nits (peak)",6.9 inches,1440 x 3120 pixels,120,"Android 16, One UI 9",Qualcomm SM8850-1-AD Snapdragon 8 Elite Gen 5 (3 nm),Octa-core,Adreno 840,200 MP + 10 MP telephoto + 50 MP periscope telephoto + 50 MP ultrawide,200,12 MP,12,5000 mAh,5000,60W wired; 25W wireless; 4.5W reverse wireless,60,"Cobalt Violet, Sky Blue, Black, White, Silver Shadow, Pink Gold",,,GSMArena screenshot supplied by user,2026-09-27
Samsung,Samsung Galaxy A07,4/64,Samsung Galaxy A07 4/64,563818818,https://www.samsung.com/pk/smartphones/galaxy-a/galaxy-a07-light-violet-64gb-sm-a075flvdpkd/#specs,LCD Color Depth (Main Display) 16M Camera Rear Camera - Resolution (Multiple) 50,"6.7 inches, 108.4 cm2 (~83.6% screen-to-body ratio)",720 x 1600,90,"Android 16, up to 6 major Android upgrades, One UI 8",Mediatek Dimensity 6300 (6 nm),Speed 2,Mali-G57 MC2,"system with a 50MP main lens and 2MP depth sensor, plus an 8MP",50,for selfies. Does the Galaxy A07 support fast,7,Li-Ion 6000 mAh,6000,"through a USB Type-C port, though exact charging speed may vary by region (up to 25W in supported variants)",25,"Black, Light Violet",,,Official brand website,2026-09-27
Samsung,Samsung Galaxy A07,6/128,Samsung Galaxy A07 6/128,563845693,https://www.samsung.com/pk/smartphones/galaxy-a/galaxy-a07-light-violet-64gb-sm-a075flvdpkd/#specs,LCD Color Depth (Main Display) 16M Camera Rear Camera - Resolution (Multiple) 50,"6.7 inches, 108.4 cm2 (~83.6% screen-to-body ratio)",720 x 1600,90,"Android 16, up to 6 major Android upgrades, One UI 8",Mediatek Dimensity 6300 (6 nm),Speed 2,Mali-G57 MC2,"system with a 50MP main lens and 2MP depth sensor, plus an 8MP",50,for selfies. Does the Galaxy A07 support fast,7,Li-Ion 6000 mAh,6000,"through a USB Type-C port, though exact charging speed may vary by region (up to 25W in supported variants)",25,"Black, Light Violet",,,Official brand website,2026-09-27
Samsung,Samsung Galaxy S25 FE,8/128,Samsung Galaxy S25 FE 8/128,,https://www.samsung.com/pk/smartphones/galaxy-s/galaxy-s25-fe-white-512gb-sm-s731bzwwpkd/#specs,"Dynamic AMOLED 2X, 120Hz, HDR10+, 1900 nits (peak)",6.7 inches,1080 x 2340 pixels,120,"Android 16, One UI 8",Exynos 2400 (4 nm),10-core CPU,Xclipse 940,50 MP + 8 MP telephoto + 12 MP ultrawide,50,12 MP,12,4900 mAh,4900,45W wired; 15W wireless; reverse wireless,45,"Icyblue, Jetblack, Navy, White",,,GSMArena screenshot supplied by user,2026-09-27
Samsung,Samsung Galaxy S25 FE,8/256,Samsung Galaxy S25 FE 8/256,,https://www.samsung.com/pk/smartphones/galaxy-s/galaxy-s25-fe-white-512gb-sm-s731bzwwpkd/#specs,"Dynamic AMOLED 2X, 120Hz, HDR10+, 1900 nits (peak)",6.7 inches,1080 x 2340 pixels,120,"Android 16, One UI 8",Exynos 2400 (4 nm),10-core CPU,Xclipse 940,50 MP + 8 MP telephoto + 12 MP ultrawide,50,12 MP,12,4900 mAh,4900,45W wired; 15W wireless; reverse wireless,45,"Icyblue, Jetblack, Navy, White",,,GSMArena screenshot supplied by user,2026-09-27
Samsung,Samsung Galaxy S25 FE,8/512,Samsung Galaxy S25 FE 8/512,,https://www.samsung.com/pk/smartphones/galaxy-s/galaxy-s25-fe-white-512gb-sm-s731bzwwpkd/#specs,"Dynamic AMOLED 2X, 120Hz, HDR10+, 1900 nits (peak)",6.7 inches,1080 x 2340 pixels,120,"Android 16, One UI 8",Exynos 2400 (4 nm),10-core CPU,Xclipse 940,50 MP + 8 MP telephoto + 12 MP ultrawide,50,12 MP,12,4900 mAh,4900,45W wired; 15W wireless; reverse wireless,45,"Icyblue, Jetblack, Navy, White",,,GSMArena screenshot supplied by user,2026-09-27
Samsung,Samsung Galaxy A26,4/128,Samsung Galaxy A26 4/128,,https://www.samsung.com/pk/smartphones/galaxy-a/galaxy-a26-5g-peach-pink-256gb-sm-a266bzijpkd/#specs,"Super AMOLED, 120Hz",6.7 inches,1080 x 2340 pixels,120,"Android 15, One UI 8.5",Exynos 1380 / Exynos 1280,Octa-core,Mali-G68 MP5 / Mali-G68,50 MP + 8 MP ultrawide + 2 MP macro,50,13 MP,13,5000 mAh,5000,25W wired,25,"Black, White, Mint, Peach Pink",,,GSMArena screenshot supplied by user,2026-09-27
Samsung,Samsung Galaxy A26,6/128,Samsung Galaxy A26 6/128,,https://www.samsung.com/pk/smartphones/galaxy-a/galaxy-a26-5g-peach-pink-256gb-sm-a266bzijpkd/#specs,"Super AMOLED, 120Hz",6.7 inches,1080 x 2340 pixels,120,"Android 15, One UI 8.5",Exynos 1380 / Exynos 1280,Octa-core,Mali-G68 MP5 / Mali-G68,50 MP + 8 MP ultrawide + 2 MP macro,50,13 MP,13,5000 mAh,5000,25W wired,25,"Black, White, Mint, Peach Pink",,,GSMArena screenshot supplied by user,2026-09-27
Samsung,Samsung Galaxy A26,8/128,Samsung Galaxy A26 8/128,,https://www.samsung.com/pk/smartphones/galaxy-a/galaxy-a26-5g-peach-pink-256gb-sm-a266bzijpkd/#specs,"Super AMOLED, 120Hz",6.7 inches,1080 x 2340 pixels,120,"Android 15, One UI 8.5",Exynos 1380 / Exynos 1280,Octa-core,Mali-G68 MP5 / Mali-G68,50 MP + 8 MP ultrawide + 2 MP macro,50,13 MP,13,5000 mAh,5000,25W wired,25,"Black, White, Mint, Peach Pink",,,GSMArena screenshot supplied by user,2026-09-27
Samsung,Samsung Galaxy A26,6/256,Samsung Galaxy A26 6/256,,https://www.samsung.com/pk/smartphones/galaxy-a/galaxy-a26-5g-peach-pink-256gb-sm-a266bzijpkd/#specs,"Super AMOLED, 120Hz",6.7 inches,1080 x 2340 pixels,120,"Android 15, One UI 8.5",Exynos 1380 / Exynos 1280,Octa-core,Mali-G68 MP5 / Mali-G68,50 MP + 8 MP ultrawide + 2 MP macro,50,13 MP,13,5000 mAh,5000,25W wired,25,"Black, White, Mint, Peach Pink",,,GSMArena screenshot supplied by user,2026-09-27
Samsung,Samsung Galaxy A26,8/256,Samsung Galaxy A26 8/256,,https://www.samsung.com/pk/smartphones/galaxy-a/galaxy-a26-5g-peach-pink-256gb-sm-a266bzijpkd/#specs,"Super AMOLED, 120Hz",6.7 inches,1080 x 2340 pixels,120,"Android 15, One UI 8.5",Exynos 1380 / Exynos 1280,Octa-core,Mali-G68 MP5 / Mali-G68,50 MP + 8 MP ultrawide + 2 MP macro,50,13 MP,13,5000 mAh,5000,25W wired,25,"Black, White, Mint, Peach Pink",,,GSMArena screenshot supplied by user,2026-09-27
Samsung,Samsung Galaxy A36,6/128,Samsung Galaxy A36 6/128,,https://www.samsung.com/pk/smartphones/galaxy-a/galaxy-a36-5g-awesome-lime-256gb-sm-a366blgvpkd/#specs,"Super AMOLED, 120Hz, 1200 nits (HBM), 1900 nits (peak)",6.7 inches,1080 x 2340 pixels,120,"Android 15, One UI 8.5",Qualcomm SM6475-AB Snapdragon 6 Gen 3 (4 nm),Octa-core (4x2.4 GHz Cortex-A78 & 4x1.8 GHz Cortex-A55),Adreno 710,50 MP + 8 MP ultrawide + 5 MP macro,50,12 MP,12,5000 mAh,5000,45W wired,45,"Lavender, Black, White, Lime",,,GSMArena screenshot supplied by user,2026-09-27
Samsung,Samsung Galaxy A36,8/128,Samsung Galaxy A36 8/128,,https://www.samsung.com/pk/smartphones/galaxy-a/galaxy-a36-5g-awesome-lime-256gb-sm-a366blgvpkd/#specs,"Super AMOLED, 120Hz, 1200 nits (HBM), 1900 nits (peak)",6.7 inches,1080 x 2340 pixels,120,"Android 15, One UI 8.5",Qualcomm SM6475-AB Snapdragon 6 Gen 3 (4 nm),Octa-core (4x2.4 GHz Cortex-A78 & 4x1.8 GHz Cortex-A55),Adreno 710,50 MP + 8 MP ultrawide + 5 MP macro,50,12 MP,12,5000 mAh,5000,45W wired,45,"Lavender, Black, White, Lime",,,GSMArena screenshot supplied by user,2026-09-27
Samsung,Samsung Galaxy A36,6/256,Samsung Galaxy A36 6/256,,https://www.samsung.com/pk/smartphones/galaxy-a/galaxy-a36-5g-awesome-lime-256gb-sm-a366blgvpkd/#specs,"Super AMOLED, 120Hz, 1200 nits (HBM), 1900 nits (peak)",6.7 inches,1080 x 2340 pixels,120,"Android 15, One UI 8.5",Qualcomm SM6475-AB Snapdragon 6 Gen 3 (4 nm),Octa-core (4x2.4 GHz Cortex-A78 & 4x1.8 GHz Cortex-A55),Adreno 710,50 MP + 8 MP ultrawide + 5 MP macro,50,12 MP,12,5000 mAh,5000,45W wired,45,"Lavender, Black, White, Lime",,,GSMArena screenshot supplied by user,2026-09-27
Samsung,Samsung Galaxy A36,8/256,Samsung Galaxy A36 8/256,,https://www.samsung.com/pk/smartphones/galaxy-a/galaxy-a36-5g-awesome-lime-256gb-sm-a366blgvpkd/#specs,"Super AMOLED, 120Hz, 1200 nits (HBM), 1900 nits (peak)",6.7 inches,1080 x 2340 pixels,120,"Android 15, One UI 8.5",Qualcomm SM6475-AB Snapdragon 6 Gen 3 (4 nm),Octa-core (4x2.4 GHz Cortex-A78 & 4x1.8 GHz Cortex-A55),Adreno 710,50 MP + 8 MP ultrawide + 5 MP macro,50,12 MP,12,5000 mAh,5000,45W wired,45,"Lavender, Black, White, Lime",,,GSMArena screenshot supplied by user,2026-09-27
Samsung,Samsung Galaxy A36,12/256,Samsung Galaxy A36 12/256,,https://www.samsung.com/pk/smartphones/galaxy-a/galaxy-a36-5g-awesome-lime-256gb-sm-a366blgvpkd/#specs,"Super AMOLED, 120Hz, 1200 nits (HBM), 1900 nits (peak)",6.7 inches,1080 x 2340 pixels,120,"Android 15, One UI 8.5",Qualcomm SM6475-AB Snapdragon 6 Gen 3 (4 nm),Octa-core (4x2.4 GHz Cortex-A78 & 4x1.8 GHz Cortex-A55),Adreno 710,50 MP + 8 MP ultrawide + 5 MP macro,50,12 MP,12,5000 mAh,5000,45W wired,45,"Lavender, Black, White, Lime",,,GSMArena screenshot supplied by user,2026-09-27
Samsung,Samsung Galaxy A56,6/128,Samsung Galaxy A56 6/128,,https://www.samsung.com/pk/smartphones/galaxy-a/galaxy-a56-5g-awesome-pink-256gb-sm-a566bliwpkd/#specs,"Super AMOLED, 120Hz, HDR10+, 1200 nits (HBM), 1900 nits (peak)",6.7 inches,1080 x 2340 pixels,120,"Android 15, One UI 8.5",Exynos 1580 (4 nm),Octa-core,Xclipse 540,50 MP + 12 MP ultrawide + 5 MP macro,50,12 MP,12,5000 mAh,5000,45W wired,45,"Pink, Olive, Graphite, Lightgray",,,GSMArena screenshot supplied by user,2026-09-27
Samsung,Samsung Galaxy A56,8/128,Samsung Galaxy A56 8/128,,https://www.samsung.com/pk/smartphones/galaxy-a/galaxy-a56-5g-awesome-pink-256gb-sm-a566bliwpkd/#specs,"Super AMOLED, 120Hz, HDR10+, 1200 nits (HBM), 1900 nits (peak)",6.7 inches,1080 x 2340 pixels,120,"Android 15, One UI 8.5",Exynos 1580 (4 nm),Octa-core,Xclipse 540,50 MP + 12 MP ultrawide + 5 MP macro,50,12 MP,12,5000 mAh,5000,45W wired,45,"Pink, Olive, Graphite, Lightgray",,,GSMArena screenshot supplied by user,2026-09-27
Samsung,Samsung Galaxy A56,8/256,Samsung Galaxy A56 8/256,,https://www.samsung.com/pk/smartphones/galaxy-a/galaxy-a56-5g-awesome-pink-256gb-sm-a566bliwpkd/#specs,"Super AMOLED, 120Hz, HDR10+, 1200 nits (HBM), 1900 nits (peak)",6.7 inches,1080 x 2340 pixels,120,"Android 15, One UI 8.5",Exynos 1580 (4 nm),Octa-core,Xclipse 540,50 MP + 12 MP ultrawide + 5 MP macro,50,12 MP,12,5000 mAh,5000,45W wired,45,"Pink, Olive, Graphite, Lightgray",,,GSMArena screenshot supplied by user,2026-09-27
Samsung,Samsung Galaxy A56,12/256,Samsung Galaxy A56 12/256,,https://www.samsung.com/pk/smartphones/galaxy-a/galaxy-a56-5g-awesome-pink-256gb-sm-a566bliwpkd/#specs,"Super AMOLED, 120Hz, HDR10+, 1200 nits (HBM), 1900 nits (peak)",6.7 inches,1080 x 2340 pixels,120,"Android 15, One UI 8.5",Exynos 1580 (4 nm),Octa-core,Xclipse 540,50 MP + 12 MP ultrawide + 5 MP macro,50,12 MP,12,5000 mAh,5000,45W wired,45,"Pink, Olive, Graphite, Lightgray",,,GSMArena screenshot supplied by user,2026-09-27
Vivo,Vivo V80 Lite,8/128,Vivo V80 Lite 8/128,,https://www.vivo.com/pk/products/param/v80-lite-5g,"AMOLED, 120Hz, HDR10+, 2000 nits (HBM), 3000 nits (peak)",6.83 inches,1260 x 2800 pixels,120,"Android 16, OriginOS 6",Mediatek Dimensity 7360 Turbo (4 nm),Octa-core (4x2.5 GHz Cortex-A78 & 4x2.0 GHz Cortex-A55),Mali-G615 MC2,50 MP,50,32 MP,32,7050 mAh,7050,44W wired; reverse wired; bypass charging,44,"Sapphire Blue, Regal Bronze, Silk White",,,GSMArena screenshot supplied by user,2026-09-27
Vivo,Vivo V80 Lite,8/256,Vivo V80 Lite 8/256,,https://www.vivo.com/pk/products/param/v80-lite-5g,"AMOLED, 120Hz, HDR10+, 2000 nits (HBM), 3000 nits (peak)",6.83 inches,1260 x 2800 pixels,120,"Android 16, OriginOS 6",Mediatek Dimensity 7360 Turbo (4 nm),Octa-core (4x2.5 GHz Cortex-A78 & 4x2.0 GHz Cortex-A55),Mali-G615 MC2,50 MP,50,32 MP,32,7050 mAh,7050,44W wired; reverse wired; bypass charging,44,"Sapphire Blue, Regal Bronze, Silk White",,,GSMArena screenshot supplied by user,2026-09-27
Vivo,Vivo Y05e,4/64,Vivo Y05e 4/64,,https://www.vivo.com/pk/products/param/y05e,LCDTouch ScreenCapacitive multi-touchNetwork12G GSM850/900/1800 MHz3G WCDMAB1/B5/B84G FDD-LTEB1/B3/B5/B,,1600 × 720,,OriginOS 6Android VersionAndroid 16Platform ProcessorT7225CPU Core Count8Process Node12,,Core Count8Process Node12 nmCPU Clock Speed2 × 1,,,,,,Battery5150 mAh (TYP)Charging Power15WBattery TypeLi-ion batteryDesignDimensions167,5150,15WBattery TypeLi-ion batteryDesignDimensions167,15,TealTealBlack,,,Official brand website,2026-09-27
Vivo,Vivo X300 FE,12/256,Vivo X300 FE 12/256,,https://www.vivo.com/pk/products/param/x300-fe,"LTPO AMOLED, 1B colors, 120Hz, 2160Hz PWM, HDR10+, 5000 nits (peak)",6.31 inches,1216 x 2640 pixels,120,"Android 16, OriginOS 6",Qualcomm SM8845 Snapdragon 8 Gen 5 (3 nm),Octa-core,Adreno 829,50 MP + 50 MP periscope telephoto + 8 MP ultrawide,50,50 MP,50,6500 mAh,6500,90W wired; 40W wireless; reverse wireless/wired; bypass charging,90,"Misty Purple, Radiant White, Cool Black, Green, Urban Olive",,,GSMArena screenshot supplied by user,2026-09-27
Vivo,Vivo X300 FE,12/512,Vivo X300 FE 12/512,,https://www.vivo.com/pk/products/param/x300-fe,"LTPO AMOLED, 1B colors, 120Hz, 2160Hz PWM, HDR10+, 5000 nits (peak)",6.31 inches,1216 x 2640 pixels,120,"Android 16, OriginOS 6",Qualcomm SM8845 Snapdragon 8 Gen 5 (3 nm),Octa-core,Adreno 829,50 MP + 50 MP periscope telephoto + 8 MP ultrawide,50,50 MP,50,6500 mAh,6500,90W wired; 40W wireless; reverse wireless/wired; bypass charging,90,"Misty Purple, Radiant White, Cool Black, Green, Urban Olive",,,GSMArena screenshot supplied by user,2026-09-27
Vivo,Vivo Y500,8/128,Vivo Y500 8/128,,https://www.vivo.com/pk/products/param/y500,"AMOLED, HDR, 120Hz, 2000 nits (HBM), 5000 nits (peak)",6.83 inches,1260 x 2800 pixels,120,"Android 16, OriginOS 6",Unisoc T7300 (6 nm),Octa-core (2x2.2 GHz Cortex-A78 & 6x2.0 GHz Cortex-A55),Mali-G57 MP2,50 MP,50,32 MP,32,8100 mAh,8100,44W wired; reverse wired; bypass charging,44,"Midnight Blue, Pearl White",,,GSMArena screenshot supplied by user,2026-09-27
Vivo,Vivo Y500,8/256,Vivo Y500 8/256,,https://www.vivo.com/pk/products/param/y500,"AMOLED, HDR, 120Hz, 2000 nits (HBM), 5000 nits (peak)",6.83 inches,1260 x 2800 pixels,120,"Android 16, OriginOS 6",Unisoc T7300 (6 nm),Octa-core (2x2.2 GHz Cortex-A78 & 6x2.0 GHz Cortex-A55),Mali-G57 MP2,50 MP,50,32 MP,32,8100 mAh,8100,44W wired; reverse wired; bypass charging,44,"Midnight Blue, Pearl White",,,GSMArena screenshot supplied by user,2026-09-27
Vivo,Vivo V70 FE,8/128,Vivo V70 FE 8/128,,https://www.vivo.com/pk/products/param/v70-fe,"AMOLED, 1B colors, 120Hz, HDR10+, 1900 nits (HBM)",6.83 inches,1260 x 2800 pixels,120,"Android 16, OriginOS 6",Mediatek Dimensity 7360 Turbo (4 nm),Octa-core (4x2.5 GHz Cortex-A78 & 4x2.0 GHz Cortex-A55),Mali-G615 MC2,200 MP + 8 MP ultrawide,200,32 MP / 50 MP regional,32,7000 mAh,7000,90W wired; reverse wired; bypass charging,90,"Ocean Blue, Monsoon Blue, Muse Purple, Northern Lights Purple, Titanium Silver",,,GSMArena screenshot supplied by user,2026-09-27
Vivo,Vivo V70 FE,8/256,Vivo V70 FE 8/256,,https://www.vivo.com/pk/products/param/v70-fe,"AMOLED, 1B colors, 120Hz, HDR10+, 1900 nits (HBM)",6.83 inches,1260 x 2800 pixels,120,"Android 16, OriginOS 6",Mediatek Dimensity 7360 Turbo (4 nm),Octa-core (4x2.5 GHz Cortex-A78 & 4x2.0 GHz Cortex-A55),Mali-G615 MC2,200 MP + 8 MP ultrawide,200,32 MP / 50 MP regional,32,7000 mAh,7000,90W wired; reverse wired; bypass charging,90,"Ocean Blue, Monsoon Blue, Muse Purple, Northern Lights Purple, Titanium Silver",,,GSMArena screenshot supplied by user,2026-09-27
Vivo,Vivo V70 FE,12/256,Vivo V70 FE 12/256,,https://www.vivo.com/pk/products/param/v70-fe,"AMOLED, 1B colors, 120Hz, HDR10+, 1900 nits (HBM)",6.83 inches,1260 x 2800 pixels,120,"Android 16, OriginOS 6",Mediatek Dimensity 7360 Turbo (4 nm),Octa-core (4x2.5 GHz Cortex-A78 & 4x2.0 GHz Cortex-A55),Mali-G615 MC2,200 MP + 8 MP ultrawide,200,32 MP / 50 MP regional,32,7000 mAh,7000,90W wired; reverse wired; bypass charging,90,"Ocean Blue, Monsoon Blue, Muse Purple, Northern Lights Purple, Titanium Silver",,,GSMArena screenshot supplied by user,2026-09-27
Vivo,Vivo V70 FE,8/512,Vivo V70 FE 8/512,,https://www.vivo.com/pk/products/param/v70-fe,"AMOLED, 1B colors, 120Hz, HDR10+, 1900 nits (HBM)",6.83 inches,1260 x 2800 pixels,120,"Android 16, OriginOS 6",Mediatek Dimensity 7360 Turbo (4 nm),Octa-core (4x2.5 GHz Cortex-A78 & 4x2.0 GHz Cortex-A55),Mali-G615 MC2,200 MP + 8 MP ultrawide,200,32 MP / 50 MP regional,32,7000 mAh,7000,90W wired; reverse wired; bypass charging,90,"Ocean Blue, Monsoon Blue, Muse Purple, Northern Lights Purple, Titanium Silver",,,GSMArena screenshot supplied by user,2026-09-27
Vivo,Vivo Y31d,6/128,Vivo Y31d 6/128,,https://www.vivo.com/pk/products/param/y31d,LCDTouch ScreenCapacitive multi-touchNetwork12G GSM850/900/1800 MHz3G WCDMAB1/B5/B84G FDD-LTEB1/B3/B5/B,6.75 inch,1570 × 720,120,OriginOS 6Android VersionAndroid 16Platform ProcessorSnapdragon® 6s Gen 2 4G Mobile Plat,Snapdragon® 6s Gen 2 4G Mobile PlatformCPU Core Count8Process Node6 nmCPU Clock Speed4 × 2,Core Count8Process Node6 nmCPU Clock Speed4 × 2,,,,,,Battery7200 mAh (TYP)Charging Power44WBattery TypeLi-ion batteryDesignDimensions166,7200,44WBattery TypeLi-ion batteryDesignDimensions166,44,GoldGoldGrey,,,Official brand website,2026-09-27
Vivo,Vivo Y31d,8/128,Vivo Y31d 8/128,,https://www.vivo.com/pk/products/param/y31d,LCDTouch ScreenCapacitive multi-touchNetwork12G GSM850/900/1800 MHz3G WCDMAB1/B5/B84G FDD-LTEB1/B3/B5/B,6.75 inch,1570 × 720,120,OriginOS 6Android VersionAndroid 16Platform ProcessorSnapdragon® 6s Gen 2 4G Mobile Plat,Snapdragon® 6s Gen 2 4G Mobile PlatformCPU Core Count8Process Node6 nmCPU Clock Speed4 × 2,Core Count8Process Node6 nmCPU Clock Speed4 × 2,,,,,,Battery7200 mAh (TYP)Charging Power44WBattery TypeLi-ion batteryDesignDimensions166,7200,44WBattery TypeLi-ion batteryDesignDimensions166,44,GoldGoldGrey,,,Official brand website,2026-09-27
Vivo,Vivo Y31d,8/256,Vivo Y31d 8/256,,https://www.vivo.com/pk/products/param/y31d,LCDTouch ScreenCapacitive multi-touchNetwork12G GSM850/900/1800 MHz3G WCDMAB1/B5/B84G FDD-LTEB1/B3/B5/B,6.75 inch,1570 × 720,120,OriginOS 6Android VersionAndroid 16Platform ProcessorSnapdragon® 6s Gen 2 4G Mobile Plat,Snapdragon® 6s Gen 2 4G Mobile PlatformCPU Core Count8Process Node6 nmCPU Clock Speed4 × 2,Core Count8Process Node6 nmCPU Clock Speed4 × 2,,,,,,Battery7200 mAh (TYP)Charging Power44WBattery TypeLi-ion batteryDesignDimensions166,7200,44WBattery TypeLi-ion batteryDesignDimensions166,44,GoldGoldGrey,,,Official brand website,2026-09-27
Vivo,Vivo V70,8/256,Vivo V70 8/256,,https://www.vivo.com/pk/products/param/v70,AMOLEDTouch Screen,,2750 × 1260,120,OriginOS 6Android VersionAndroid 16Platform ProcessorSnapdragon® 7 Gen 4CPU Core Count8P,Snapdragon® 7 Gen 4CPU Core Count8Process Node4 nmCPU Clock Speed1 × 2,Core Count8Process Node4 nmCPU Clock Speed1 × 2,,"50 MP ZEISS OIS Main Camera: AF & OIS, f/1.88, FOV 84°, 6P lens50 MP ZEISS Super Telephoto Camera: AF & OIS, f/2.65, FOV 33°, 4P lens8 MP ZEISS Ultra Wide-Angle Camera: FF, f/2.2,",50,"50 MP ZEISS Group Selfie Camera: AF, f/2.0, FOV 92°, 5P lensRear:50 MP ZEISS OIS Main Camera: AF & O",50,Battery6500 mAh (TYP)Charging Power90WBattery TypeLi-ion batteryDesign3Dimensions157,6500,90WBattery TypeLi-ion batteryDesign3Dimensions157,90,Anthentic BlackAnthentic BlackDune Gray,,,Official brand website,2026-09-27
Vivo,Vivo V70,12/256,Vivo V70 12/256,,https://www.vivo.com/pk/products/param/v70,AMOLEDTouch Screen,,2750 × 1260,120,OriginOS 6Android VersionAndroid 16Platform ProcessorSnapdragon® 7 Gen 4CPU Core Count8P,Snapdragon® 7 Gen 4CPU Core Count8Process Node4 nmCPU Clock Speed1 × 2,Core Count8Process Node4 nmCPU Clock Speed1 × 2,,"50 MP ZEISS OIS Main Camera: AF & OIS, f/1.88, FOV 84°, 6P lens50 MP ZEISS Super Telephoto Camera: AF & OIS, f/2.65, FOV 33°, 4P lens8 MP ZEISS Ultra Wide-Angle Camera: FF, f/2.2,",50,"50 MP ZEISS Group Selfie Camera: AF, f/2.0, FOV 92°, 5P lensRear:50 MP ZEISS OIS Main Camera: AF & O",50,Battery6500 mAh (TYP)Charging Power90WBattery TypeLi-ion batteryDesign3Dimensions157,6500,90WBattery TypeLi-ion batteryDesign3Dimensions157,90,Anthentic BlackAnthentic BlackDune Gray,,,Official brand website,2026-09-27
Vivo,Vivo V70,12/512,Vivo V70 12/512,,https://www.vivo.com/pk/products/param/v70,AMOLEDTouch Screen,,2750 × 1260,120,OriginOS 6Android VersionAndroid 16Platform ProcessorSnapdragon® 7 Gen 4CPU Core Count8P,Snapdragon® 7 Gen 4CPU Core Count8Process Node4 nmCPU Clock Speed1 × 2,Core Count8Process Node4 nmCPU Clock Speed1 × 2,,"50 MP ZEISS OIS Main Camera: AF & OIS, f/1.88, FOV 84°, 6P lens50 MP ZEISS Super Telephoto Camera: AF & OIS, f/2.65, FOV 33°, 4P lens8 MP ZEISS Ultra Wide-Angle Camera: FF, f/2.2,",50,"50 MP ZEISS Group Selfie Camera: AF, f/2.0, FOV 92°, 5P lensRear:50 MP ZEISS OIS Main Camera: AF & O",50,Battery6500 mAh (TYP)Charging Power90WBattery TypeLi-ion batteryDesign3Dimensions157,6500,90WBattery TypeLi-ion batteryDesign3Dimensions157,90,Anthentic BlackAnthentic BlackDune Gray,,,Official brand website,2026-09-27
Vivo,Vivo Y11d,3/64,Vivo Y11d 3/64,,https://www.vivo.com/pk/products/param/y11d,"IPS LCD, 120Hz, 1200 nits (HBM)",6.74 inches,720 x 1600 pixels,120,"Android 16, OriginOS 6",Unisoc T7225 (12 nm),Octa-core (2x2.0 GHz Cortex-A75 & 6x1.8 GHz Cortex-A55),Mali-G52 MP1,50 MP,50,5 MP,5,6500 mAh,6500,44W wired; reverse wired,44,"Horizon White, Pearl Black",,,GSMArena screenshot supplied by user,2026-09-27
Vivo,Vivo Y11d,4/128,Vivo Y11d 4/128,,https://www.vivo.com/pk/products/param/y11d,"IPS LCD, 120Hz, 1200 nits (HBM)",6.74 inches,720 x 1600 pixels,120,"Android 16, OriginOS 6",Unisoc T7225 (12 nm),Octa-core (2x2.0 GHz Cortex-A75 & 6x1.8 GHz Cortex-A55),Mali-G52 MP1,50 MP,50,5 MP,5,6500 mAh,6500,44W wired; reverse wired,44,"Horizon White, Pearl Black",,,GSMArena screenshot supplied by user,2026-09-27
Vivo,Vivo Y11d,6/128,Vivo Y11d 6/128,,https://www.vivo.com/pk/products/param/y11d,"IPS LCD, 120Hz, 1200 nits (HBM)",6.74 inches,720 x 1600 pixels,120,"Android 16, OriginOS 6",Unisoc T7225 (12 nm),Octa-core (2x2.0 GHz Cortex-A75 & 6x1.8 GHz Cortex-A55),Mali-G52 MP1,50 MP,50,5 MP,5,6500 mAh,6500,44W wired; reverse wired,44,"Horizon White, Pearl Black",,,GSMArena screenshot supplied by user,2026-09-27
Oppo,Oppo Reno 16 5G,8/256,Oppo Reno 16 5G 8/256,,https://www.oppo.com/pk/smartphones/series-reno/reno16/specs/,"AMOLED, 1B colors, 120Hz, 3840Hz PWM, HDR10+, 600 nits (typ), 1800 nits (HBM), 3600 nits (peak)",6.32 inches,1216 x 2640 pixels,120,"Android 16, ColorOS 16",Qualcomm SM7750-AB Snapdragon 7 Gen 4 (4 nm),Octa-core,Adreno 722,50 MP + 50 MP telephoto + 50 MP ultrawide,50,50 MP,50,6700 mAh / 6000 mAh Europe,6700,80W wired; reverse wired,80,"Pop White, Twilight Violet, Dream Purple",,,GSMArena screenshot supplied by user,2026-09-27
Oppo,Oppo Reno 16 5G,12/256,Oppo Reno 16 5G 12/256,,https://www.oppo.com/pk/smartphones/series-reno/reno16/specs/,"AMOLED, 1B colors, 120Hz, 3840Hz PWM, HDR10+, 600 nits (typ), 1800 nits (HBM), 3600 nits (peak)",6.32 inches,1216 x 2640 pixels,120,"Android 16, ColorOS 16",Qualcomm SM7750-AB Snapdragon 7 Gen 4 (4 nm),Octa-core,Adreno 722,50 MP + 50 MP telephoto + 50 MP ultrawide,50,50 MP,50,6700 mAh / 6000 mAh Europe,6700,80W wired; reverse wired,80,"Pop White, Twilight Violet, Dream Purple",,,GSMArena screenshot supplied by user,2026-09-27
Oppo,Oppo Reno 16 5G,8/512,Oppo Reno 16 5G 8/512,,https://www.oppo.com/pk/smartphones/series-reno/reno16/specs/,"AMOLED, 1B colors, 120Hz, 3840Hz PWM, HDR10+, 600 nits (typ), 1800 nits (HBM), 3600 nits (peak)",6.32 inches,1216 x 2640 pixels,120,"Android 16, ColorOS 16",Qualcomm SM7750-AB Snapdragon 7 Gen 4 (4 nm),Octa-core,Adreno 722,50 MP + 50 MP telephoto + 50 MP ultrawide,50,50 MP,50,6700 mAh / 6000 mAh Europe,6700,80W wired; reverse wired,80,"Pop White, Twilight Violet, Dream Purple",,,GSMArena screenshot supplied by user,2026-09-27
Oppo,Oppo Reno 16 5G,12/512,Oppo Reno 16 5G 12/512,,https://www.oppo.com/pk/smartphones/series-reno/reno16/specs/,"AMOLED, 1B colors, 120Hz, 3840Hz PWM, HDR10+, 600 nits (typ), 1800 nits (HBM), 3600 nits (peak)",6.32 inches,1216 x 2640 pixels,120,"Android 16, ColorOS 16",Qualcomm SM7750-AB Snapdragon 7 Gen 4 (4 nm),Octa-core,Adreno 722,50 MP + 50 MP telephoto + 50 MP ultrawide,50,50 MP,50,6700 mAh / 6000 mAh Europe,6700,80W wired; reverse wired,80,"Pop White, Twilight Violet, Dream Purple",,,GSMArena screenshot supplied by user,2026-09-27
Oppo,Oppo Reno 16F,8/128,Oppo Reno 16F 8/128,,https://www.oppo.com/pk/smartphones/series-reno/reno16-f/specs/,"AMOLED, 1B colors, 120Hz, 600 nits (typ), 1400 nits (HBM)",6.57 inches,1080 x 2372 pixels,120,"Android 16, ColorOS 16",Mediatek Dimensity 7300 Energy (4 nm),Octa-core (4x2.5 GHz Cortex-A78 & 4x2.0 GHz Cortex-A55),Mali-G615 MC2,50 MP + 50 MP telephoto + 8 MP ultrawide,50,50 MP,50,7000 mAh / 6500 mAh Europe,7000,80W wired international; 45W wired Europe; reverse wired,80,"Pop White, Twilight Violet, Dream Purple",,,GSMArena screenshot supplied by user,2026-09-27
Oppo,Oppo Reno 16F,8/256,Oppo Reno 16F 8/256,,https://www.oppo.com/pk/smartphones/series-reno/reno16-f/specs/,"AMOLED, 1B colors, 120Hz, 600 nits (typ), 1400 nits (HBM)",6.57 inches,1080 x 2372 pixels,120,"Android 16, ColorOS 16",Mediatek Dimensity 7300 Energy (4 nm),Octa-core (4x2.5 GHz Cortex-A78 & 4x2.0 GHz Cortex-A55),Mali-G615 MC2,50 MP + 50 MP telephoto + 8 MP ultrawide,50,50 MP,50,7000 mAh / 6500 mAh Europe,7000,80W wired international; 45W wired Europe; reverse wired,80,"Pop White, Twilight Violet, Dream Purple",,,GSMArena screenshot supplied by user,2026-09-27
Oppo,Oppo Reno 16F,12/256,Oppo Reno 16F 12/256,,https://www.oppo.com/pk/smartphones/series-reno/reno16-f/specs/,"AMOLED, 1B colors, 120Hz, 600 nits (typ), 1400 nits (HBM)",6.57 inches,1080 x 2372 pixels,120,"Android 16, ColorOS 16",Mediatek Dimensity 7300 Energy (4 nm),Octa-core (4x2.5 GHz Cortex-A78 & 4x2.0 GHz Cortex-A55),Mali-G615 MC2,50 MP + 50 MP telephoto + 8 MP ultrawide,50,50 MP,50,7000 mAh / 6500 mAh Europe,7000,80W wired international; 45W wired Europe; reverse wired,80,"Pop White, Twilight Violet, Dream Purple",,,GSMArena screenshot supplied by user,2026-09-27
Oppo,Oppo A6s Pro,8/256,Oppo A6s Pro 8/256,,https://www.oppo.com/pk/smartphones/series-a/a6s-pro/specs/#,"AMOLED, 1B colors, 120Hz, 600 nits (typ), 1400 nits (HBM)",6.57 inches,1080 x 2372 pixels,120,"Android 16, ColorOS 16",Mediatek Helio G100 Max (6 nm),Octa-core (2x2.2 GHz Cortex-A76 & 6x2.0 GHz Cortex-A55),Mali-G57 MC2,50 MP,50,50 MP,50,7000 mAh,7000,80W wired; 5W reverse wired,80,"Lumina Frost, Eclipse Blue",,,GSMArena screenshot supplied by user,2026-09-27
Oppo,Oppo A6k,4/256,Oppo A6k 4/256,,https://www.oppo.com/pk/smartphones/series-a/a6k/specs/,"IPS LCD, 120Hz, 900 nits (typ), 1125 nits (peak)",6.75 inches,720 x 1570 pixels,120,"Android 15, ColorOS 15",Mediatek Dimensity 6300 (6 nm),Octa-core (2x2.4 GHz Cortex-A76 & 6x2.0 GHz Cortex-A55),Mali-G57 MC2,50 MP,50,8 MP,8,7000 mAh,7000,45W wired,45,"Twilight Blue, Seashell White, Dawn Gold",,,GSMArena screenshot supplied by user,2026-09-27
Oppo,Oppo A6k,8/256,Oppo A6k 8/256,,https://www.oppo.com/pk/smartphones/series-a/a6k/specs/,"IPS LCD, 120Hz, 900 nits (typ), 1125 nits (peak)",6.75 inches,720 x 1570 pixels,120,"Android 15, ColorOS 15",Mediatek Dimensity 6300 (6 nm),Octa-core (2x2.4 GHz Cortex-A76 & 6x2.0 GHz Cortex-A55),Mali-G57 MC2,50 MP,50,8 MP,8,7000 mAh,7000,45W wired,45,"Twilight Blue, Seashell White, Dawn Gold",,,GSMArena screenshot supplied by user,2026-09-27
Oppo,Oppo A6k,12/256,Oppo A6k 12/256,,https://www.oppo.com/pk/smartphones/series-a/a6k/specs/,"IPS LCD, 120Hz, 900 nits (typ), 1125 nits (peak)",6.75 inches,720 x 1570 pixels,120,"Android 15, ColorOS 15",Mediatek Dimensity 6300 (6 nm),Octa-core (2x2.4 GHz Cortex-A76 & 6x2.0 GHz Cortex-A55),Mali-G57 MC2,50 MP,50,8 MP,8,7000 mAh,7000,45W wired,45,"Twilight Blue, Seashell White, Dawn Gold",,,GSMArena screenshot supplied by user,2026-09-27
Oppo,Oppo A6k,8/512,Oppo A6k 8/512,,https://www.oppo.com/pk/smartphones/series-a/a6k/specs/,"IPS LCD, 120Hz, 900 nits (typ), 1125 nits (peak)",6.75 inches,720 x 1570 pixels,120,"Android 15, ColorOS 15",Mediatek Dimensity 6300 (6 nm),Octa-core (2x2.4 GHz Cortex-A76 & 6x2.0 GHz Cortex-A55),Mali-G57 MC2,50 MP,50,8 MP,8,7000 mAh,7000,45W wired,45,"Twilight Blue, Seashell White, Dawn Gold",,,GSMArena screenshot supplied by user,2026-09-27
Oppo,Oppo Reno 15 5G,8/256,Oppo Reno 15 5G 8/256,,https://www.oppo.com/pk/smartphones/series-reno/reno15/specs/,"AMOLED, 1B colors, 120Hz, HDR10+, 600 nits (typ), 1200 nits (HBM)",6.59 inches,1256 x 2760 pixels,120,"Android 16, ColorOS 16",Qualcomm SM7750-AB Snapdragon 7 Gen 4 (4 nm),Octa-core,Adreno 722,50 MP + 50 MP telephoto + 8 MP ultrawide,50,50 MP,50,6500 mAh,6500,80W wired; reverse wired,80,"Aurora Blue, Twilight Blue, Aurora White",,,GSMArena screenshot supplied by user,2026-09-27
Oppo,Oppo Reno 15 5G,12/256,Oppo Reno 15 5G 12/256,,https://www.oppo.com/pk/smartphones/series-reno/reno15/specs/,"AMOLED, 1B colors, 120Hz, HDR10+, 600 nits (typ), 1200 nits (HBM)",6.59 inches,1256 x 2760 pixels,120,"Android 16, ColorOS 16",Qualcomm SM7750-AB Snapdragon 7 Gen 4 (4 nm),Octa-core,Adreno 722,50 MP + 50 MP telephoto + 8 MP ultrawide,50,50 MP,50,6500 mAh,6500,80W wired; reverse wired,80,"Aurora Blue, Twilight Blue, Aurora White",,,GSMArena screenshot supplied by user,2026-09-27
Oppo,Oppo Reno 15 5G,8/512,Oppo Reno 15 5G 8/512,,https://www.oppo.com/pk/smartphones/series-reno/reno15/specs/,"AMOLED, 1B colors, 120Hz, HDR10+, 600 nits (typ), 1200 nits (HBM)",6.59 inches,1256 x 2760 pixels,120,"Android 16, ColorOS 16",Qualcomm SM7750-AB Snapdragon 7 Gen 4 (4 nm),Octa-core,Adreno 722,50 MP + 50 MP telephoto + 8 MP ultrawide,50,50 MP,50,6500 mAh,6500,80W wired; reverse wired,80,"Aurora Blue, Twilight Blue, Aurora White",,,GSMArena screenshot supplied by user,2026-09-27
Oppo,Oppo Reno 15 5G,12/512,Oppo Reno 15 5G 12/512,,https://www.oppo.com/pk/smartphones/series-reno/reno15/specs/,"AMOLED, 1B colors, 120Hz, HDR10+, 600 nits (typ), 1200 nits (HBM)",6.59 inches,1256 x 2760 pixels,120,"Android 16, ColorOS 16",Qualcomm SM7750-AB Snapdragon 7 Gen 4 (4 nm),Octa-core,Adreno 722,50 MP + 50 MP telephoto + 8 MP ultrawide,50,50 MP,50,6500 mAh,6500,80W wired; reverse wired,80,"Aurora Blue, Twilight Blue, Aurora White",,,GSMArena screenshot supplied by user,2026-09-27
Oppo,Oppo Reno 15 Pro 5G,12/256,Oppo Reno 15 Pro 5G 12/256,,https://www.oppo.com/pk/smartphones/series-reno/reno15-pro/specs/,"AMOLED, 1B colors, 120Hz, HDR10+, 600 nits (typ), 1800 nits (HBM)",6.32 inches,1216 x 2640 pixels,120,"Android 16, ColorOS 16",Mediatek Dimensity 8450 (4 nm),Octa-core,Mali-G720 MC7,200 MP + 50 MP telephoto + 50 MP ultrawide,200,50 MP,50,6200 mAh,6200,80W wired; reverse wired,80,"Dusk Brown, Aurora Blue",,,GSMArena screenshot supplied by user,2026-09-27
Oppo,Oppo Reno 15 Pro 5G,12/512,Oppo Reno 15 Pro 5G 12/512,,https://www.oppo.com/pk/smartphones/series-reno/reno15-pro/specs/,"AMOLED, 1B colors, 120Hz, HDR10+, 600 nits (typ), 1800 nits (HBM)",6.32 inches,1216 x 2640 pixels,120,"Android 16, ColorOS 16",Mediatek Dimensity 8450 (4 nm),Octa-core,Mali-G720 MC7,200 MP + 50 MP telephoto + 50 MP ultrawide,200,50 MP,50,6200 mAh,6200,80W wired; reverse wired,80,"Dusk Brown, Aurora Blue",,,GSMArena screenshot supplied by user,2026-09-27
Oppo,Oppo Reno 15 F 5G,8/128,Oppo Reno 15 F 5G 8/128,,https://www.oppo.com/pk/smartphones/series-reno/reno15-f/specs/,"AMOLED, 1B colors, 120Hz, 600 nits (typ), 1400 nits (HBM)",6.57 inches,1080 x 2372 pixels,120,"Android 16, ColorOS 16",Qualcomm SM6450 Snapdragon 6 Gen 1 (4 nm),Octa-core (4x2.2 GHz Cortex-A78 & 4x1.8 GHz Cortex-A55),Adreno 710,50 MP + 8 MP ultrawide + 2 MP macro,50,50 MP,50,7000 mAh / 6500 mAh Europe,7000,80W wired; reverse wired,80,"Afterglow Pink, Twilight Blue, Aurora Blue",,,GSMArena screenshot supplied by user,2026-09-27
Oppo,Oppo Reno 15 F 5G,8/256,Oppo Reno 15 F 5G 8/256,,https://www.oppo.com/pk/smartphones/series-reno/reno15-f/specs/,"AMOLED, 1B colors, 120Hz, 600 nits (typ), 1400 nits (HBM)",6.57 inches,1080 x 2372 pixels,120,"Android 16, ColorOS 16",Qualcomm SM6450 Snapdragon 6 Gen 1 (4 nm),Octa-core (4x2.2 GHz Cortex-A78 & 4x1.8 GHz Cortex-A55),Adreno 710,50 MP + 8 MP ultrawide + 2 MP macro,50,50 MP,50,7000 mAh / 6500 mAh Europe,7000,80W wired; reverse wired,80,"Afterglow Pink, Twilight Blue, Aurora Blue",,,GSMArena screenshot supplied by user,2026-09-27
Oppo,Oppo Reno 15 F 5G,12/256,Oppo Reno 15 F 5G 12/256,,https://www.oppo.com/pk/smartphones/series-reno/reno15-f/specs/,"AMOLED, 1B colors, 120Hz, 600 nits (typ), 1400 nits (HBM)",6.57 inches,1080 x 2372 pixels,120,"Android 16, ColorOS 16",Qualcomm SM6450 Snapdragon 6 Gen 1 (4 nm),Octa-core (4x2.2 GHz Cortex-A78 & 4x1.8 GHz Cortex-A55),Adreno 710,50 MP + 8 MP ultrawide + 2 MP macro,50,50 MP,50,7000 mAh / 6500 mAh Europe,7000,80W wired; reverse wired,80,"Afterglow Pink, Twilight Blue, Aurora Blue",,,GSMArena screenshot supplied by user,2026-09-27
Oppo,Oppo Reno 15 F 5G,12/512,Oppo Reno 15 F 5G 12/512,,https://www.oppo.com/pk/smartphones/series-reno/reno15-f/specs/,"AMOLED, 1B colors, 120Hz, 600 nits (typ), 1400 nits (HBM)",6.57 inches,1080 x 2372 pixels,120,"Android 16, ColorOS 16",Qualcomm SM6450 Snapdragon 6 Gen 1 (4 nm),Octa-core (4x2.2 GHz Cortex-A78 & 4x1.8 GHz Cortex-A55),Adreno 710,50 MP + 8 MP ultrawide + 2 MP macro,50,50 MP,50,7000 mAh / 6500 mAh Europe,7000,80W wired; reverse wired,80,"Afterglow Pink, Twilight Blue, Aurora Blue",,,GSMArena screenshot supplied by user,2026-09-27
Oppo,Oppo A6,4/128,Oppo A6 4/128,,https://www.oppo.com/pk/smartphones/series-a/a6/specs/,"IPS LCD, 120Hz, 1125 nits (peak)",6.75 inches,720 x 1570 pixels,120,"Android 15, ColorOS 15",Mediatek Dimensity 6300 (6 nm),Octa-core (2x2.4 GHz Cortex-A76 & 6x2.0 GHz Cortex-A55),Mali-G57 MC2,50 MP,50,8 MP,8,7000 mAh,7000,45W wired; 5W reverse wired,45,"Sapphire Blue, Sakura Pink",,,GSMArena screenshot supplied by user,2026-09-27
Oppo,Oppo A6,6/128,Oppo A6 6/128,,https://www.oppo.com/pk/smartphones/series-a/a6/specs/,"IPS LCD, 120Hz, 1125 nits (peak)",6.75 inches,720 x 1570 pixels,120,"Android 15, ColorOS 15",Mediatek Dimensity 6300 (6 nm),Octa-core (2x2.4 GHz Cortex-A76 & 6x2.0 GHz Cortex-A55),Mali-G57 MC2,50 MP,50,8 MP,8,7000 mAh,7000,45W wired; 5W reverse wired,45,"Sapphire Blue, Sakura Pink",,,GSMArena screenshot supplied by user,2026-09-27
Oppo,Oppo A6,8/128,Oppo A6 8/128,,https://www.oppo.com/pk/smartphones/series-a/a6/specs/,"IPS LCD, 120Hz, 1125 nits (peak)",6.75 inches,720 x 1570 pixels,120,"Android 15, ColorOS 15",Mediatek Dimensity 6300 (6 nm),Octa-core (2x2.4 GHz Cortex-A76 & 6x2.0 GHz Cortex-A55),Mali-G57 MC2,50 MP,50,8 MP,8,7000 mAh,7000,45W wired; 5W reverse wired,45,"Sapphire Blue, Sakura Pink",,,GSMArena screenshot supplied by user,2026-09-27
Oppo,Oppo A6,6/256,Oppo A6 6/256,,https://www.oppo.com/pk/smartphones/series-a/a6/specs/,"IPS LCD, 120Hz, 1125 nits (peak)",6.75 inches,720 x 1570 pixels,120,"Android 15, ColorOS 15",Mediatek Dimensity 6300 (6 nm),Octa-core (2x2.4 GHz Cortex-A76 & 6x2.0 GHz Cortex-A55),Mali-G57 MC2,50 MP,50,8 MP,8,7000 mAh,7000,45W wired; 5W reverse wired,45,"Sapphire Blue, Sakura Pink",,,GSMArena screenshot supplied by user,2026-09-27
Oppo,Oppo A6,8/256,Oppo A6 8/256,,https://www.oppo.com/pk/smartphones/series-a/a6/specs/,"IPS LCD, 120Hz, 1125 nits (peak)",6.75 inches,720 x 1570 pixels,120,"Android 15, ColorOS 15",Mediatek Dimensity 6300 (6 nm),Octa-core (2x2.4 GHz Cortex-A76 & 6x2.0 GHz Cortex-A55),Mali-G57 MC2,50 MP,50,8 MP,8,7000 mAh,7000,45W wired; 5W reverse wired,45,"Sapphire Blue, Sakura Pink",,,GSMArena screenshot supplied by user,2026-09-27
Oppo,Oppo A6,12/256,Oppo A6 12/256,,https://www.oppo.com/pk/smartphones/series-a/a6/specs/,"IPS LCD, 120Hz, 1125 nits (peak)",6.75 inches,720 x 1570 pixels,120,"Android 15, ColorOS 15",Mediatek Dimensity 6300 (6 nm),Octa-core (2x2.4 GHz Cortex-A76 & 6x2.0 GHz Cortex-A55),Mali-G57 MC2,50 MP,50,8 MP,8,7000 mAh,7000,45W wired; 5W reverse wired,45,"Sapphire Blue, Sakura Pink",,,GSMArena screenshot supplied by user,2026-09-27
Oppo,Oppo A6,8/512,Oppo A6 8/512,,https://www.oppo.com/pk/smartphones/series-a/a6/specs/,"IPS LCD, 120Hz, 1125 nits (peak)",6.75 inches,720 x 1570 pixels,120,"Android 15, ColorOS 15",Mediatek Dimensity 6300 (6 nm),Octa-core (2x2.4 GHz Cortex-A76 & 6x2.0 GHz Cortex-A55),Mali-G57 MC2,50 MP,50,8 MP,8,7000 mAh,7000,45W wired; 5W reverse wired,45,"Sapphire Blue, Sakura Pink",,,GSMArena screenshot supplied by user,2026-09-27
Oppo,Oppo A6c,3/64,Oppo A6c 3/64,,https://www.oppo.com/pk/smartphones/series-a/a6c/specs/,"IPS LCD, 120Hz, 700 nits (typ)",6.75 inches,720 x 1570 pixels,120,"Android 15, ColorOS 15",Unisoc T7250 (12 nm),Octa-core (2x1.8 GHz Cortex-A75 & 6x1.6 GHz Cortex-A55),Mali-G57 MP1,13 MP,13,5 MP,5,7000 mAh,7000,15W wired; 5W reverse wired,15,"Stone Brown, Feather Purple, Feather White",,,GSMArena screenshot supplied by user,2026-09-27
Oppo,Oppo A6c,4/128,Oppo A6c 4/128,,https://www.oppo.com/pk/smartphones/series-a/a6c/specs/,"IPS LCD, 120Hz, 700 nits (typ)",6.75 inches,720 x 1570 pixels,120,"Android 15, ColorOS 15",Unisoc T7250 (12 nm),Octa-core (2x1.8 GHz Cortex-A75 & 6x1.6 GHz Cortex-A55),Mali-G57 MP1,13 MP,13,5 MP,5,7000 mAh,7000,15W wired; 5W reverse wired,15,"Stone Brown, Feather Purple, Feather White",,,GSMArena screenshot supplied by user,2026-09-27
Oppo,Oppo A6x,4/128,Oppo A6x 4/128,,https://www.oppo.com/pk/smartphones/series-a/a6x/specs/,"IPS LCD, 120Hz, 1125 nits (peak)",6.75 inches,720 x 1570 pixels,120,"Android 15, ColorOS 15",Mediatek Dimensity 6300 (6 nm),Octa-core (2x2.4 GHz Cortex-A76 & 6x2.0 GHz Cortex-A55),Mali-G57 MC2,50 MP,50,5 MP,5,6500 mAh,6500,Wired; 5W reverse wired,5,"Plum Purple, Violet Purple",,,GSMArena screenshot supplied by user,2026-09-27
Oppo,Oppo A6x,6/128,Oppo A6x 6/128,,https://www.oppo.com/pk/smartphones/series-a/a6x/specs/,"IPS LCD, 120Hz, 1125 nits (peak)",6.75 inches,720 x 1570 pixels,120,"Android 15, ColorOS 15",Mediatek Dimensity 6300 (6 nm),Octa-core (2x2.4 GHz Cortex-A76 & 6x2.0 GHz Cortex-A55),Mali-G57 MC2,50 MP,50,5 MP,5,6500 mAh,6500,Wired; 5W reverse wired,5,"Plum Purple, Violet Purple",,,GSMArena screenshot supplied by user,2026-09-27
Oppo,Oppo A6x,8/128,Oppo A6x 8/128,,https://www.oppo.com/pk/smartphones/series-a/a6x/specs/,"IPS LCD, 120Hz, 1125 nits (peak)",6.75 inches,720 x 1570 pixels,120,"Android 15, ColorOS 15",Mediatek Dimensity 6300 (6 nm),Octa-core (2x2.4 GHz Cortex-A76 & 6x2.0 GHz Cortex-A55),Mali-G57 MC2,50 MP,50,5 MP,5,6500 mAh,6500,Wired; 5W reverse wired,5,"Plum Purple, Violet Purple",,,GSMArena screenshot supplied by user,2026-09-27
Oppo,Oppo A6x,6/256,Oppo A6x 6/256,,https://www.oppo.com/pk/smartphones/series-a/a6x/specs/,"IPS LCD, 120Hz, 1125 nits (peak)",6.75 inches,720 x 1570 pixels,120,"Android 15, ColorOS 15",Mediatek Dimensity 6300 (6 nm),Octa-core (2x2.4 GHz Cortex-A76 & 6x2.0 GHz Cortex-A55),Mali-G57 MC2,50 MP,50,5 MP,5,6500 mAh,6500,Wired; 5W reverse wired,5,"Plum Purple, Violet Purple",,,GSMArena screenshot supplied by user,2026-09-27
Oppo,Oppo A6x,8/256,Oppo A6x 8/256,,https://www.oppo.com/pk/smartphones/series-a/a6x/specs/,"IPS LCD, 120Hz, 1125 nits (peak)",6.75 inches,720 x 1570 pixels,120,"Android 15, ColorOS 15",Mediatek Dimensity 6300 (6 nm),Octa-core (2x2.4 GHz Cortex-A76 & 6x2.0 GHz Cortex-A55),Mali-G57 MC2,50 MP,50,5 MP,5,6500 mAh,6500,Wired; 5W reverse wired,5,"Plum Purple, Violet Purple",,,GSMArena screenshot supplied by user,2026-09-27
Oppo,Oppo A6x,8/512,Oppo A6x 8/512,,https://www.oppo.com/pk/smartphones/series-a/a6x/specs/,"IPS LCD, 120Hz, 1125 nits (peak)",6.75 inches,720 x 1570 pixels,120,"Android 15, ColorOS 15",Mediatek Dimensity 6300 (6 nm),Octa-core (2x2.4 GHz Cortex-A76 & 6x2.0 GHz Cortex-A55),Mali-G57 MC2,50 MP,50,5 MP,5,6500 mAh,6500,Wired; 5W reverse wired,5,"Plum Purple, Violet Purple",,,GSMArena screenshot supplied by user,2026-09-27
Xiaomi,Xiaomi 17T,12/512,Xiaomi 17T 12/512,,https://www.mi.com/pk/product/xiaomi-17t/specs/,AMOLED displayCorning Gorilla Glass 7iPeak brightness: 3500nits (UHBM) @APL25%Resolution: 1,"6.59""",2756 x 1268,120,Xiaomi HyperOS 3Package contentsMobile Phone / Adapter / USB Type-C Cable / SIM Eject Tool / P,MediaTek Dimensity 8500-Ultra4nm processCPU:1 x Arm Cortex-A725: up to 3,1 x Arm Cortex-A725: up to 3,Mali-G720 MC8AI:NPU 880Display6,,,,,& Charging6500mAh (typ) silicon-carbon battery67W HyperChargeSupports 50W PPSSupports 22,6500,6500mAh (typ) silicon-carbon battery67W HyperChargeSupports 50W PPSSupports 22,6500,temperature sensor,,,Official brand website,2026-09-27
Xiaomi,Xiaomi 17T Pro,,Xiaomi 17T Pro,,https://www.mi.com/pk/product/xiaomi-17t-pro/specs/,AMOLED displayCorning Gorilla Glass 7iResolution: 1,"6.83""",2772 x 1280,144,Xiaomi HyperOS 3Package ContentsMobile Phone / Adapter / USB Type-C Cable / SIM Eject Tool / P,"MediaTek Dimensity 95003nm processCPU:1 x C1-Ultra, up to 4","1 x C1-Ultra, up to 4",Mali G1-UltraAI: NPU 990Display6,,,,,& Charging7000mAh (typ) silicon-carbon battery100W wired HyperCharge50W wireless Hyper ChargeSupp,7000,7000mAh (typ) silicon-carbon battery100W wired HyperCharge50W wireless Hyper ChargeSupports 100W PPS,7000,temperature sensor,,,Official brand website,2026-09-27
Xiaomi,Xiaomi 17,12/512,Xiaomi 17 12/512,,https://www.mi.com/pk/product/xiaomi-17/specs/,"OLED displayXiaomi Shield GlassResolution: 2656 x 1220, 460 ppiRefresh rate: 1-120HzTouch sampling rate","6.3""",2656 x 1220,120,Xiaomi HyperOS 3Package contentsMobile Phone / Adapter / USB Type-C Cable / SIM Eject Tool / P,"Snapdragon® 8 Elite Gen 5 Mobile Platform3nm manufacturing processCPU:2 x Prime Core, up to 4","2 x Prime Core, up to 4",Adreno™ GPUAI:Qualcomm AI engineStorage & RAM12GB + 512GBRAM: LPDDR5XStorage: UF,,,,,& Charging6330mAh (typ) Xiaomi Surge Battery100W wired HyperCharge50W wireless HyperChargeSupport,6330,6330mAh (typ) Xiaomi Surge Battery100W wired HyperCharge50W wireless HyperChargeSupports QC3+ / QC,6330,,,,Official brand website,2026-09-27
Xiaomi,Redmi A7 Pro,,Redmi A7 Pro,,https://www.mi.com/pk/product/redmi-a7-pro/specs/,"LCD displayResolution: 1600 x 720 254 PPIRefresh rate: Up to 120HzBrightness: 650nits (typ), 800nits (H","6.9""",1600 x 720,120,Xiaomi HyperOS 3Package contentMobile Phone | Adapter | USB Type-C Cable | SIM Eject Tool | Pr,"UNISOC T7250 processor 12nm process, octa-coreCPU: 2*A75@1",2*A75@1,Mali-G57Memory4+64GB | 4+128GBLPDDR4X + UFS2,"13MP main camera1/3.06"" sensor sizef/2.2Auxiliary lensfilmCamera | HDR mode | Time-lapse | Portrait mode | Night mode | Document modeRear camera video recording1080p at 30fps720p at 30fps",13,,,and Charging6000mAh (typ)15W fast charging*Please consult the local seller on the availability of t,6000,6000mAh (typ)15W fast charging*Please consult the local seller on the availa,6000,,,,Official brand website,2026-09-27
Xiaomi,Redmi 15,8/128,Redmi 15 8/128,,https://www.mi.com/pk/product/redmi-15/specs/,,"6.9""",2340 × 1080,144,"Xiaomi HyperOS 2*Availability of Xiaomi HyperOS 2 features, apps and services may vary dependi","Snapdragon® 685 Mobile Platform6nm process, octa-core CPUCPU: Qualcomm® Kryo™, up to 2","CPU: Qualcomm® Kryo™, up to 2",Qualcomm® Adreno™Storage & RAM8GB + 128GB**Available configurations may differ b,50MP main camera5P lensf/1.8Auxiliary lensRear camera video recording1080p (1920x1080) HD video recording at 30 fps720p (1280x720) HD video recording at 30 fps,50,video recording1080p (1920x1080) HD video recording at 30 fps720p (1280x720) HD video recording at 30 fps,1080,& charging7000mAh (typ) battery33W fast charging33W in-box chargerSecuritySide fingerprint sensor,7000,7000mAh (typ) battery33W fast charging33W in-box chargerSecuritySide fingerprint sen,7000,,,,Official brand website,2026-09-27
Xiaomi,Redmi 15C,6/128,Redmi 15C 6/128,,https://www.mi.com/pk/product/redmi-15c/specs/,,"6.9""",1600*720,120,"Xiaomi HyperOS 2*Availability of Xiaomi HyperOS 2 features, apps and services may vary dependi",MediaTek Helio G81-Ultra processorOcta-coreCPUCortex-A75+Cortex-A55Max CPU frequency: 2,Cortex-A75+Cortex-A55Max CPU frequency: 2,Mali-G52 MC2Storage & RAMLPDDR4X + eMMC 5,50MP main camera5P lensf/1.8Auxiliary lensfilmCamera | HDR mode | Night modePortrait mode | Time-lapseRear video recording1080p (1920x1080) HD video recording at 30 fps720p (1280x720) HD video recording at 30 fps,50,,,& Charging6000mAh (typ)Supports 33W fast chargingUSB Type-CSecuritySide fingerprint sensorAI face,6000,6000mAh (typ)Supports 33W fast chargingUSB Type-CSecuritySide fingerprint sensorAI fa,6000,,,,Official brand website,2026-09-27
Xiaomi,Redmi Note 14 Pro+ 5G,,Redmi Note 14 Pro+ 5G,,https://www.mi.com/pk/product/redmi-note-14-pro-plus-5g/specs/,AMOLED displayResolution: 2712 x 1220 (1,"6.67""",2712 x 1220,120,Xiaomi HyperOSPackage contentMobile Phone / Adapter / USB Type-C Cable / SIM Eject Tool / Prot,"Snapdragon® 7s Gen 34nm manufacturing processCPU: Octa-core processor, up to 2","Octa-core processor, up to 2","Adreno GPUStorage & RAM8+256GB, 12+256GB, 12+512GBLPDDR4X + UFS2",video recording4K at 24/30fps1080p at 30/60fps720p at 30fpsSlow motion: 1080p at 120fpsSlow motion: 720p at 120/240fps,4,video recording1080p at 30/60fps720p at 30fps,1080,and charging5110mAh (typ)120W HyperCharge120W in-box chargerAI featuresCircle to Search with Google,5110,5110mAh (typ)120W HyperCharge120W in-box chargerAI featuresCircle to Search w,5110,,,,Official brand website,2026-09-27
Xiaomi,Redmi Note 14 Pro,,Redmi Note 14 Pro,,https://www.mi.com/pk/product/redmi-note-14-pro/specs/,AMOLED displayResolution: 2400 x 1080Refresh rate: Up to 120HzBrightness: 1800nits peak brightnessBrightne,"6.67""",2400 x 1080,120,Xiaomi HyperOSPackage contentMobile Phone / Adapter /USB Type-C Cable/ SIM Eject Tool /Protect,,"Octa-core processor, up to 2","Mali-G57 MC2Storage & RAM8+128GB, 8+256GB, 12+256GB, 12+512GBLPDDR4X + UFS2",200MP main camera OISf/1.6516-in-1 binning into one large 2.24μm pixel1/1.4” sensor size7P lens8MP ultra-wide cameraf2.22MP macro cameraf2.4Rear camera video recording1080p at 60fps1080p at 30fps720p at 30fps,200,32MP front cameraf/2.2Front camera video recording1080p at 30fps720p at 30fps,32,"and charging5500mAh (typ)45W turbo charging45W in-box chargerAI featuresGoogle Gemini, AI image edi",5500,"5500mAh (typ)45W turbo charging45W in-box chargerAI featuresGoogle Gemini, A",5500,,,,Official brand website,2026-09-27
Xiaomi,Redmi Note 14,6/128,Redmi Note 14 6/128,,https://www.mi.com/pk/product/redmi-note-14/specs/,AMOLED displayResolution: 2400 × 1080Refresh rate: Up to 120HzTouch sampling rate: 240HzBrightness: 1800ni,"6.67""",2400 × 1080,240,Xiaomi HyperOSPackage ContentsRedmi Note 14 / Adapter / USB Type-C Cable / SIM Eject Tool / Pr,,"Octa-core processor, up to 2",Mali-G57 MC2Storage & RAM6GB+128GB | 8GB+128GB | 8GB+256GB*Expandable storage up,"108MP+2MP+2MP triple camera108MP main camera0.64μm, 9in1 1.92μmf/1.76P lens1/1.67” sensor size2MP depth cameraf/2.42MP macro cameraf/2.4Rear camera video recording1080p at 60fps1080p at 30fps720p at 30fps",108,20MP front camerasensor size 1/4''f/2.24P lensFront camera video recording1080p at 30fps720p at 30fps,20,& Charging5500mAh(typ) battery33W turbo charging33W In-box chargerSecurityIn-screen fingerprint s,5500,5500mAh(typ) battery33W turbo charging33W In-box chargerSecurityIn-screen fingerpri,5500,,,,Official brand website,2026-09-27
Xiaomi,Redmi Note 14,8/128,Redmi Note 14 8/128,,https://www.mi.com/pk/product/redmi-note-14/specs/,AMOLED displayResolution: 2400 × 1080Refresh rate: Up to 120HzTouch sampling rate: 240HzBrightness: 1800ni,"6.67""",2400 × 1080,240,Xiaomi HyperOSPackage ContentsRedmi Note 14 / Adapter / USB Type-C Cable / SIM Eject Tool / Pr,,"Octa-core processor, up to 2",Mali-G57 MC2Storage & RAM6GB+128GB | 8GB+128GB | 8GB+256GB*Expandable storage up,"108MP+2MP+2MP triple camera108MP main camera0.64μm, 9in1 1.92μmf/1.76P lens1/1.67” sensor size2MP depth cameraf/2.42MP macro cameraf/2.4Rear camera video recording1080p at 60fps1080p at 30fps720p at 30fps",108,20MP front camerasensor size 1/4''f/2.24P lensFront camera video recording1080p at 30fps720p at 30fps,20,& Charging5500mAh(typ) battery33W turbo charging33W In-box chargerSecurityIn-screen fingerprint s,5500,5500mAh(typ) battery33W turbo charging33W In-box chargerSecurityIn-screen fingerpri,5500,,,,Official brand website,2026-09-27
Xiaomi,Redmi Note 14,8/256,Redmi Note 14 8/256,,https://www.mi.com/pk/product/redmi-note-14/specs/,AMOLED displayResolution: 2400 × 1080Refresh rate: Up to 120HzTouch sampling rate: 240HzBrightness: 1800ni,"6.67""",2400 × 1080,240,Xiaomi HyperOSPackage ContentsRedmi Note 14 / Adapter / USB Type-C Cable / SIM Eject Tool / Pr,,"Octa-core processor, up to 2",Mali-G57 MC2Storage & RAM6GB+128GB | 8GB+128GB | 8GB+256GB*Expandable storage up,"108MP+2MP+2MP triple camera108MP main camera0.64μm, 9in1 1.92μmf/1.76P lens1/1.67” sensor size2MP depth cameraf/2.42MP macro cameraf/2.4Rear camera video recording1080p at 60fps1080p at 30fps720p at 30fps",108,20MP front camerasensor size 1/4''f/2.24P lensFront camera video recording1080p at 30fps720p at 30fps,20,& Charging5500mAh(typ) battery33W turbo charging33W In-box chargerSecurityIn-screen fingerprint s,5500,5500mAh(typ) battery33W turbo charging33W In-box chargerSecurityIn-screen fingerpri,5500,,,,Official brand website,2026-09-27
Xiaomi,Redmi A5,4/64,Redmi A5 4/64,,https://www.mi.com/bd/product/redmi-a5/specs/,,"6.88""",1640*720,120,Android 15 (Go Edition)Package ContentsMobile Phone | Adapter | USB Type-C Cable | SIM,"UNISOC T7250 processor12nm process, octa-coreCPU: Up to 1",Up to 1,,filmCamera | HDR mode | Ultra HD | Night mode32MP main camera4P lensf/2.0Auxiliary lensRear camera video recording1080p 1920x1080 30fps720p 1280x720 30fps,32,HDR mode | Fill-light Portrait mode | Time-lapse | Night mode8MP front camera4P lensf/2.0Front video recording1080p 1920x1080 30fps720p 1280x720 30fps,8,& Charging5200mAh battery (typ)Supports 15W fast charging*Power adapter is sold separately in cer,5200,5200mAh battery (typ)Supports 15W fast charging*Power adapter is sold separately in certain r,5200,,,,Official brand website,2026-09-27
Xiaomi,Redmi A5,6/128,Redmi A5 6/128,,https://www.mi.com/bd/product/redmi-a5/specs/,,"6.88""",1640*720,120,Android 15 (Go Edition)Package ContentsMobile Phone | Adapter | USB Type-C Cable | SIM,"UNISOC T7250 processor12nm process, octa-coreCPU: Up to 1",Up to 1,,filmCamera | HDR mode | Ultra HD | Night mode32MP main camera4P lensf/2.0Auxiliary lensRear camera video recording1080p 1920x1080 30fps720p 1280x720 30fps,32,HDR mode | Fill-light Portrait mode | Time-lapse | Night mode8MP front camera4P lensf/2.0Front video recording1080p 1920x1080 30fps720p 1280x720 30fps,8,& Charging5200mAh battery (typ)Supports 15W fast charging*Power adapter is sold separately in cer,5200,5200mAh battery (typ)Supports 15W fast charging*Power adapter is sold separately in certain r,5200,,,,Official brand website,2026-09-27
realme,realme 15 Pro,8/128,realme 15 Pro 8/128,,https://www.realme.com/bd/realme-15-pro-5g/specs,"OLED, 1B colors, 144Hz, 4608Hz PWM, HDR10+, 1800 nits (HBM), 6500 nits (peak)",6.8 inches,1280 x 2800 pixels,144,"Android 15, realme UI 6.0",Qualcomm SM7750-AB Snapdragon 7 Gen 4 (4 nm),Octa-core,Adreno 722,50 MP + 50 MP ultrawide,50,50 MP,50,7000 mAh India/China or 7000 mAh ROW,7000,80W wired,80,"Flowing Silver, Silk Purple, Velvet Green, Game of Thrones Limited Edition",,,GSMArena screenshot supplied by user,2026-09-27
realme,realme 15 Pro,8/256,realme 15 Pro 8/256,,https://www.realme.com/bd/realme-15-pro-5g/specs,"OLED, 1B colors, 144Hz, 4608Hz PWM, HDR10+, 1800 nits (HBM), 6500 nits (peak)",6.8 inches,1280 x 2800 pixels,144,"Android 15, realme UI 6.0",Qualcomm SM7750-AB Snapdragon 7 Gen 4 (4 nm),Octa-core,Adreno 722,50 MP + 50 MP ultrawide,50,50 MP,50,7000 mAh India/China or 7000 mAh ROW,7000,80W wired,80,"Flowing Silver, Silk Purple, Velvet Green, Game of Thrones Limited Edition",,,GSMArena screenshot supplied by user,2026-09-27
realme,realme 15 Pro,12/256,realme 15 Pro 12/256,,https://www.realme.com/bd/realme-15-pro-5g/specs,"OLED, 1B colors, 144Hz, 4608Hz PWM, HDR10+, 1800 nits (HBM), 6500 nits (peak)",6.8 inches,1280 x 2800 pixels,144,"Android 15, realme UI 6.0",Qualcomm SM7750-AB Snapdragon 7 Gen 4 (4 nm),Octa-core,Adreno 722,50 MP + 50 MP ultrawide,50,50 MP,50,7000 mAh India/China or 7000 mAh ROW,7000,80W wired,80,"Flowing Silver, Silk Purple, Velvet Green, Game of Thrones Limited Edition",,,GSMArena screenshot supplied by user,2026-09-27
realme,realme 15 Pro,12/512,realme 15 Pro 12/512,,https://www.realme.com/bd/realme-15-pro-5g/specs,"OLED, 1B colors, 144Hz, 4608Hz PWM, HDR10+, 1800 nits (HBM), 6500 nits (peak)",6.8 inches,1280 x 2800 pixels,144,"Android 15, realme UI 6.0",Qualcomm SM7750-AB Snapdragon 7 Gen 4 (4 nm),Octa-core,Adreno 722,50 MP + 50 MP ultrawide,50,50 MP,50,7000 mAh India/China or 7000 mAh ROW,7000,80W wired,80,"Flowing Silver, Silk Purple, Velvet Green, Game of Thrones Limited Edition",,,GSMArena screenshot supplied by user,2026-09-27
realme,realme 15,12/256,realme 15 12/256,,https://www.realme.com/bd/realme-15-5g/specs,"AMOLED, 1B colors, 144Hz, 3840Hz PWM, HDR, 1600 nits (HBM), 4500 nits (peak)",6.77 inches,1080 x 2392 pixels,144,"Android 15, realme UI 6.0",Mediatek Dimensity 7300+ (4 nm),Octa-core (4x2.6 GHz Cortex-A78 & 4x2.0 GHz Cortex-A55),Mali-G615 MC2,50 MP + 8 MP ultrawide,50,50 MP,50,7000 mAh,7000,80W wired,80,"Silk Pink, Suit Titanium",,,GSMArena screenshot supplied by user,2026-09-27
realme,realme 15T,8/128,realme 15T 8/128,,https://www.realme.com/bd/realme-15t-5g/specs,"AMOLED, 1B colors, 120Hz, 2160Hz PWM, 1000 nits (typ), 1400 nits (HBM), 4000 nits (peak)",6.57 inches,1080 x 2372 pixels,120,"Android 15, realme UI 6.0",Mediatek Dimensity 6400 Max (6 nm),Octa-core (2x2.5 GHz Cortex-A76 & 6x2.0 GHz Cortex-A55),Mali-G57 MC2,50 MP + 2 MP,50,50 MP,50,7000 mAh,7000,60W wired; 10W reverse wired; bypass charging,60,"Silk Blue, Suit Titanium, Flowing Silver",,,GSMArena screenshot supplied by user,2026-09-27
realme,realme 15T,8/256,realme 15T 8/256,,https://www.realme.com/bd/realme-15t-5g/specs,"AMOLED, 1B colors, 120Hz, 2160Hz PWM, 1000 nits (typ), 1400 nits (HBM), 4000 nits (peak)",6.57 inches,1080 x 2372 pixels,120,"Android 15, realme UI 6.0",Mediatek Dimensity 6400 Max (6 nm),Octa-core (2x2.5 GHz Cortex-A76 & 6x2.0 GHz Cortex-A55),Mali-G57 MC2,50 MP + 2 MP,50,50 MP,50,7000 mAh,7000,60W wired; 10W reverse wired; bypass charging,60,"Silk Blue, Suit Titanium, Flowing Silver",,,GSMArena screenshot supplied by user,2026-09-27
realme,realme 15T,12/256,realme 15T 12/256,,https://www.realme.com/bd/realme-15t-5g/specs,"AMOLED, 1B colors, 120Hz, 2160Hz PWM, 1000 nits (typ), 1400 nits (HBM), 4000 nits (peak)",6.57 inches,1080 x 2372 pixels,120,"Android 15, realme UI 6.0",Mediatek Dimensity 6400 Max (6 nm),Octa-core (2x2.5 GHz Cortex-A76 & 6x2.0 GHz Cortex-A55),Mali-G57 MC2,50 MP + 2 MP,50,50 MP,50,7000 mAh,7000,60W wired; 10W reverse wired; bypass charging,60,"Silk Blue, Suit Titanium, Flowing Silver",,,GSMArena screenshot supplied by user,2026-09-27
realme,realme 15T,12/512,realme 15T 12/512,,https://www.realme.com/bd/realme-15t-5g/specs,"AMOLED, 1B colors, 120Hz, 2160Hz PWM, 1000 nits (typ), 1400 nits (HBM), 4000 nits (peak)",6.57 inches,1080 x 2372 pixels,120,"Android 15, realme UI 6.0",Mediatek Dimensity 6400 Max (6 nm),Octa-core (2x2.5 GHz Cortex-A76 & 6x2.0 GHz Cortex-A55),Mali-G57 MC2,50 MP + 2 MP,50,50 MP,50,7000 mAh,7000,60W wired; 10W reverse wired; bypass charging,60,"Silk Blue, Suit Titanium, Flowing Silver",,,GSMArena screenshot supplied by user,2026-09-27
realme,realme C100X,3/64,realme C100X 3/64,,https://www.realme.com/bd/realme-c100x/specs,"IPS LCD, 120Hz, 900 nits (HBM)",6.8 inches,720 x 1570 pixels,120,Android 16,Unisoc T7250 (12 nm),Octa-core (2x1.8 GHz Cortex-A75 & 6x1.6 GHz Cortex-A55),Mali-G57 MP1,50 MP,50,5 MP,5,8000 mAh or 7500 mAh,8000,45W wired; reverse wired,45,"Golden Coast, Deepblue Tides",,,GSMArena screenshot supplied by user,2026-09-27
realme,realme C100X,4/128,realme C100X 4/128,,https://www.realme.com/bd/realme-c100x/specs,"IPS LCD, 120Hz, 900 nits (HBM)",6.8 inches,720 x 1570 pixels,120,Android 16,Unisoc T7250 (12 nm),Octa-core (2x1.8 GHz Cortex-A75 & 6x1.6 GHz Cortex-A55),Mali-G57 MP1,50 MP,50,5 MP,5,8000 mAh or 7500 mAh,8000,45W wired; reverse wired,45,"Golden Coast, Deepblue Tides",,,GSMArena screenshot supplied by user,2026-09-27
realme,realme C100X,6/128,realme C100X 6/128,,https://www.realme.com/bd/realme-c100x/specs,"IPS LCD, 120Hz, 900 nits (HBM)",6.8 inches,720 x 1570 pixels,120,Android 16,Unisoc T7250 (12 nm),Octa-core (2x1.8 GHz Cortex-A75 & 6x1.6 GHz Cortex-A55),Mali-G57 MP1,50 MP,50,5 MP,5,8000 mAh or 7500 mAh,8000,45W wired; reverse wired,45,"Golden Coast, Deepblue Tides",,,GSMArena screenshot supplied by user,2026-09-27
realme,realme C100X,4/256,realme C100X 4/256,,https://www.realme.com/bd/realme-c100x/specs,"IPS LCD, 120Hz, 900 nits (HBM)",6.8 inches,720 x 1570 pixels,120,Android 16,Unisoc T7250 (12 nm),Octa-core (2x1.8 GHz Cortex-A75 & 6x1.6 GHz Cortex-A55),Mali-G57 MP1,50 MP,50,5 MP,5,8000 mAh or 7500 mAh,8000,45W wired; reverse wired,45,"Golden Coast, Deepblue Tides",,,GSMArena screenshot supplied by user,2026-09-27
realme,realme C100X,6/256,realme C100X 6/256,,https://www.realme.com/bd/realme-c100x/specs,"IPS LCD, 120Hz, 900 nits (HBM)",6.8 inches,720 x 1570 pixels,120,Android 16,Unisoc T7250 (12 nm),Octa-core (2x1.8 GHz Cortex-A75 & 6x1.6 GHz Cortex-A55),Mali-G57 MP1,50 MP,50,5 MP,5,8000 mAh or 7500 mAh,8000,45W wired; reverse wired,45,"Golden Coast, Deepblue Tides",,,GSMArena screenshot supplied by user,2026-09-27
realme,realme C100i,4/64,realme C100i 4/64,,https://www.realme.com/bd/realme-c100i/specs,"IPS LCD, 120Hz",6.8 inches,720 x 1570 pixels,120,Android 16,Unisoc T7250 (12 nm),Octa-core (2x1.8 GHz Cortex-A75 & 6x1.6 GHz Cortex-A55),Mali-G57 MP1,8 MP,8,5 MP,5,7000 mAh,7000,15W wired; reverse wired,15,"Dawn Purple, Dusk Gray",,,GSMArena screenshot supplied by user,2026-09-27
realme,realme C100i,4/128,realme C100i 4/128,,https://www.realme.com/bd/realme-c100i/specs,"IPS LCD, 120Hz",6.8 inches,720 x 1570 pixels,120,Android 16,Unisoc T7250 (12 nm),Octa-core (2x1.8 GHz Cortex-A75 & 6x1.6 GHz Cortex-A55),Mali-G57 MP1,8 MP,8,5 MP,5,7000 mAh,7000,15W wired; reverse wired,15,"Dawn Purple, Dusk Gray",,,GSMArena screenshot supplied by user,2026-09-27
realme,realme C100i,6/128,realme C100i 6/128,,https://www.realme.com/bd/realme-c100i/specs,"IPS LCD, 120Hz",6.8 inches,720 x 1570 pixels,120,Android 16,Unisoc T7250 (12 nm),Octa-core (2x1.8 GHz Cortex-A75 & 6x1.6 GHz Cortex-A55),Mali-G57 MP1,8 MP,8,5 MP,5,7000 mAh,7000,15W wired; reverse wired,15,"Dawn Purple, Dusk Gray",,,GSMArena screenshot supplied by user,2026-09-27
realme,realme C100i,4/256,realme C100i 4/256,,https://www.realme.com/bd/realme-c100i/specs,"IPS LCD, 120Hz",6.8 inches,720 x 1570 pixels,120,Android 16,Unisoc T7250 (12 nm),Octa-core (2x1.8 GHz Cortex-A75 & 6x1.6 GHz Cortex-A55),Mali-G57 MP1,8 MP,8,5 MP,5,7000 mAh,7000,15W wired; reverse wired,15,"Dawn Purple, Dusk Gray",,,GSMArena screenshot supplied by user,2026-09-27
realme,realme C85,6/128,realme C85 6/128,567500727,https://www.realme.com/bd/realme-c85/specs,LCD Screen Ratio: 90,6.8 inch,1570*720,144,realme UI 6,Qualcomm® Snapdragon™ 685 Mobile PlatformCPU: 8 Cores GPU: Adreno 610@1,8 Cores GPU: Adreno 610@1,Adreno 610@1,"Single: 50 MP, f/1.8, 28mm (wide), 1/2.96"", PDAF",50,"Single: 8 MP, f/2.0, 26mm (wide), 1/4.0"", 1.12µm",8,45W Fast Charge (Maximum) 7000mAh Titan Battery (Typical)CameraRear Camera: 50MP,45,& Battery45W Fast Charge (Maximum) 7000mAh Titan Battery (Typical)Camera,45,Kingfisher BlueSwan Black,,,Official brand website,2026-09-27
realme,realme C85,8/128,realme C85 8/128,567511499,https://www.realme.com/bd/realme-c85/specs,LCD Screen Ratio: 90,6.8 inch,1570*720,144,realme UI 6,Qualcomm® Snapdragon™ 685 Mobile PlatformCPU: 8 Cores GPU: Adreno 610@1,8 Cores GPU: Adreno 610@1,Adreno 610@1,"Single: 50 MP, f/1.8, 28mm (wide), 1/2.96"", PDAF",50,"Single: 8 MP, f/2.0, 26mm (wide), 1/4.0"", 1.12µm",8,45W Fast Charge (Maximum) 7000mAh Titan Battery (Typical)CameraRear Camera: 50MP,45,& Battery45W Fast Charge (Maximum) 7000mAh Titan Battery (Typical)Camera,45,Kingfisher BlueSwan Black,,,Official brand website,2026-09-27
realme,realme C85 Pro,6/128,realme C85 Pro 6/128,561201488,https://www.realme.com/bd/realme-c85-pro/specs,AMOLED Screen Ratio: 92,6.8 inch,1080*2344,120,realme UI 6,Qualcomm® Snapdragon™ 685 Mobile PlatformCPU: 8 Cores GPU: Adreno 610@1,8 Cores GPU: Adreno 610@1,Adreno 610@1,"Single: 50 MP, f/1.8, 28mm (wide), PDAF",50,"Single: 8 MP, f/2.0, 26mm (wide), 1/4.0"", 1.12µm",8,45W Fast Charge (Maximum) 7000mAh Titan Battery (Typical)CameraRear Camera: 50MP,45,& Battery45W Fast Charge (Maximum) 7000mAh Titan Battery (Typical)Camera,45,sParrot PurplePeacock Green,,,Official brand website,2026-09-27
realme,realme C85 Pro,8/128,realme C85 Pro 8/128,561202839,https://www.realme.com/bd/realme-c85-pro/specs,AMOLED Screen Ratio: 92,6.8 inch,1080*2344,120,realme UI 6,Qualcomm® Snapdragon™ 685 Mobile PlatformCPU: 8 Cores GPU: Adreno 610@1,8 Cores GPU: Adreno 610@1,Adreno 610@1,"Single: 50 MP, f/1.8, 28mm (wide), PDAF",50,"Single: 8 MP, f/2.0, 26mm (wide), 1/4.0"", 1.12µm",8,45W Fast Charge (Maximum) 7000mAh Titan Battery (Typical)CameraRear Camera: 50MP,45,& Battery45W Fast Charge (Maximum) 7000mAh Titan Battery (Typical)Camera,45,sParrot PurplePeacock Green,,,Official brand website,2026-09-27
realme,realme C85 Pro,8/256,realme C85 Pro 8/256,561223318,https://www.realme.com/bd/realme-c85-pro/specs,AMOLED Screen Ratio: 92,6.8 inch,1080*2344,120,realme UI 6,Qualcomm® Snapdragon™ 685 Mobile PlatformCPU: 8 Cores GPU: Adreno 610@1,8 Cores GPU: Adreno 610@1,Adreno 610@1,"Single: 50 MP, f/1.8, 28mm (wide), PDAF",50,"Single: 8 MP, f/2.0, 26mm (wide), 1/4.0"", 1.12µm",8,45W Fast Charge (Maximum) 7000mAh Titan Battery (Typical)CameraRear Camera: 50MP,45,& Battery45W Fast Charge (Maximum) 7000mAh Titan Battery (Typical)Camera,45,sParrot PurplePeacock Green,,,Official brand website,2026-09-27
realme,realme Note 70,4/64,realme Note 70 4/64,545485972,https://www.realme.com/bd/realme-note-70/specs,"LCD, 90Hz","6.74 inches, 109.7 cm2 (~85.6% screen-to-body ratio)",720*1600,90,realme UI Based on Android 15Packing Listrealme Note 70 USB Type-C Ca,"UNISOC T7250 ProcessorCPU: 12nm Process, 8 Cores, Up to 1","12nm Process, 8 Cores, Up to 1",Mali G57 MP1 @ 850 MHzMemory & StorageUp to 128GB StorageRAM：4GB ROM：64GB/128GB,"Single: 13 MP, f/2.2, 27mm (wide), AF",13,"Single: 5 MP, (wide)",5,15W VOOC Charge 6300mAh (typ) Massive Battery 6235mAh (min) Battery Capacity Includes an 15W Charging A,15,& Battery15W VOOC Charge 6300mAh (typ) Massive Battery 6235mAh (min) Bat,15,Beach GoldObsidian Black,,,Official brand website,2026-09-27
realme,realme Note 70,4/128,realme Note 70 4/128,545485972,https://www.realme.com/bd/realme-note-70/specs,"LCD, 90Hz","6.74 inches, 109.7 cm2 (~85.6% screen-to-body ratio)",720*1600,90,realme UI Based on Android 15Packing Listrealme Note 70 USB Type-C Ca,"UNISOC T7250 ProcessorCPU: 12nm Process, 8 Cores, Up to 1","12nm Process, 8 Cores, Up to 1",Mali G57 MP1 @ 850 MHzMemory & StorageUp to 128GB StorageRAM：4GB ROM：64GB/128GB,"Single: 13 MP, f/2.2, 27mm (wide), AF",13,"Single: 5 MP, (wide)",5,15W VOOC Charge 6300mAh (typ) Massive Battery 6235mAh (min) Battery Capacity Includes an 15W Charging A,15,& Battery15W VOOC Charge 6300mAh (typ) Massive Battery 6235mAh (min) Bat,15,Beach GoldObsidian Black,,,Official brand website,2026-09-27
realme,realme Note 60x,4/64,realme Note 60x 4/64,529225489,https://www.realme.com/bd/realme-note-60x/specs,"IPS LCD, 90Hz, 560 nits (peak)","6.74 inches, 109.7 cm2 (~85.5% screen-to-body ratio)",1600*720,90,realme UI Based on Android 14Packing Listrealme Note 60x Screen Prote,"UNISOC T612 ChipsetCPU：octa-core, 2*A75 @1","：octa-core, 2*A75 @1",Mali-G57,5MP,5,"Single: 5 MP, (wide)",5,5000mAh Massive BatteryLong-lifespan BatteryUSB Type-C Port 10W Fast Charge *The batter,5000,& Battery5000mAh Massive BatteryLong-lifespan BatteryUSB Type-C Port 10W Fast Charge *The battery has a typical value of 5000mAh and,5000,Wilderness GreenMarble Black,,,Official brand website,2026-09-27
Itel,Itel Power 80,4/64,Itel Power 80 4/64,,https://itel-pk.com/products/itel-power-80-smartphone,"IPS LCD, 120Hz",6.78 inches,720 x 1576 pixels,120,"Android 16, itel OS 16",Unisoc T7250 (12 nm),Octa-core (2x1.8 GHz Cortex-A75 & 6x1.6 GHz Cortex-A55),Mali-G57 MP1,50 MP,50,8 MP,8,7000 mAh,7000,18W wired; reverse wired,18,"Black, Green, Orange",,,GSMArena screenshot supplied by user,2026-09-27
Itel,Itel Power 80,6/128,Itel Power 80 6/128,,https://itel-pk.com/products/itel-power-80-smartphone,"IPS LCD, 120Hz",6.78 inches,720 x 1576 pixels,120,"Android 16, itel OS 16",Unisoc T7250 (12 nm),Octa-core (2x1.8 GHz Cortex-A75 & 6x1.6 GHz Cortex-A55),Mali-G57 MP1,50 MP,50,8 MP,8,7000 mAh,7000,18W wired; reverse wired,18,"Black, Green, Orange",,,GSMArena screenshot supplied by user,2026-09-27
Itel,Itel A200 Plus,3/64,Itel A200 Plus 3/64,,https://itel-pk.com/products/a200-plus,"IPS LCD, 120Hz",6.75 inches,720 x 1600 pixels,120,"Android 15 Go edition, itel OS 15.1",Unisoc T7250 (12 nm),Octa-core (2x1.8 GHz Cortex-A75 & 6x1.6 GHz Cortex-A55),Mali-G57 MP1,13 MP,13,5 MP,5,6000 mAh,6000,18W wired,18,"Comet Orange, Nightly Blue, Meteor Titanium, Aura White",,,GSMArena screenshot supplied by user,2026-09-27
Itel,Itel A200 Plus,3/128,Itel A200 Plus 3/128,,https://itel-pk.com/products/a200-plus,"IPS LCD, 120Hz",6.75 inches,720 x 1600 pixels,120,"Android 15 Go edition, itel OS 15.1",Unisoc T7250 (12 nm),Octa-core (2x1.8 GHz Cortex-A75 & 6x1.6 GHz Cortex-A55),Mali-G57 MP1,13 MP,13,5 MP,5,6000 mAh,6000,18W wired,18,"Comet Orange, Nightly Blue, Meteor Titanium, Aura White",,,GSMArena screenshot supplied by user,2026-09-27
Itel,Itel A200 Plus,4/128,Itel A200 Plus 4/128,,https://itel-pk.com/products/a200-plus,"IPS LCD, 120Hz",6.75 inches,720 x 1600 pixels,120,"Android 15 Go edition, itel OS 15.1",Unisoc T7250 (12 nm),Octa-core (2x1.8 GHz Cortex-A75 & 6x1.6 GHz Cortex-A55),Mali-G57 MP1,13 MP,13,5 MP,5,6000 mAh,6000,18W wired,18,"Comet Orange, Nightly Blue, Meteor Titanium, Aura White",,,GSMArena screenshot supplied by user,2026-09-27
Itel,Itel A100C Special Edition,2/64,Itel A100C Special Edition 2/64,,https://itel-pk.com/products/a100cs,"IPS LCD, 90Hz, 400 nits",6.6 inches,720 x 1612 pixels,90,"Android 15 Go edition, itel OS 15",Unisoc T7100,Octa-core 1.8 GHz,PowerVR GE8322,8 MP,8,5 MP,5,5000 mAh,5000,,,"Cloud White, Natural Black, Lake Green",,,GSMArena screenshot supplied by user,2026-09-27
Itel,Itel A100C Special Edition,3/64,Itel A100C Special Edition 3/64,,https://itel-pk.com/products/a100cs,"IPS LCD, 90Hz, 400 nits",6.6 inches,720 x 1612 pixels,90,"Android 15 Go edition, itel OS 15",Unisoc T7100,Octa-core 1.8 GHz,PowerVR GE8322,8 MP,8,5 MP,5,5000 mAh,5000,,,"Cloud White, Natural Black, Lake Green",,,GSMArena screenshot supplied by user,2026-09-27
Itel,Itel A100C Special Edition,4/64,Itel A100C Special Edition 4/64,,https://itel-pk.com/products/a100cs,"IPS LCD, 90Hz, 400 nits",6.6 inches,720 x 1612 pixels,90,"Android 15 Go edition, itel OS 15",Unisoc T7100,Octa-core 1.8 GHz,PowerVR GE8322,8 MP,8,5 MP,5,5000 mAh,5000,,,"Cloud White, Natural Black, Lake Green",,,GSMArena screenshot supplied by user,2026-09-27
Itel,Itel A100C Special Edition,4/128,Itel A100C Special Edition 4/128,,https://itel-pk.com/products/a100cs,"IPS LCD, 90Hz, 400 nits",6.6 inches,720 x 1612 pixels,90,"Android 15 Go edition, itel OS 15",Unisoc T7100,Octa-core 1.8 GHz,PowerVR GE8322,8 MP,8,5 MP,5,5000 mAh,5000,,,"Cloud White, Natural Black, Lake Green",,,GSMArena screenshot supplied by user,2026-09-27
Itel,Itel A50C Special Edition,2/64,Itel A50C Special Edition 2/64,,https://itel-pk.com/products/itel-a50cspeicaledition,"IPS LCD, 90Hz, 400 nits",6.6 inches,720 x 1612 pixels,90,"Android 15 Go edition, itel OS 15",Unisoc T7100,Octa-core 1.8 GHz,PowerVR GE8322,8 MP,8,5 MP,5,5000 mAh,5000,,,"Cloud White, Natural Black, Lake Green",,,GSMArena screenshot supplied by user,2026-09-27
Itel,Itel A50C Special Edition,3/64,Itel A50C Special Edition 3/64,,https://itel-pk.com/products/itel-a50cspeicaledition,"IPS LCD, 90Hz, 400 nits",6.6 inches,720 x 1612 pixels,90,"Android 15 Go edition, itel OS 15",Unisoc T7100,Octa-core 1.8 GHz,PowerVR GE8322,8 MP,8,5 MP,5,5000 mAh,5000,,,"Cloud White, Natural Black, Lake Green",,,GSMArena screenshot supplied by user,2026-09-27
Itel,Itel A50C Special Edition,4/64,Itel A50C Special Edition 4/64,,https://itel-pk.com/products/itel-a50cspeicaledition,"IPS LCD, 90Hz, 400 nits",6.6 inches,720 x 1612 pixels,90,"Android 15 Go edition, itel OS 15",Unisoc T7100,Octa-core 1.8 GHz,PowerVR GE8322,8 MP,8,5 MP,5,5000 mAh,5000,,,"Cloud White, Natural Black, Lake Green",,,GSMArena screenshot supplied by user,2026-09-27
Itel,Itel A50C Special Edition,4/128,Itel A50C Special Edition 4/128,,https://itel-pk.com/products/itel-a50cspeicaledition,"IPS LCD, 90Hz, 400 nits",6.6 inches,720 x 1612 pixels,90,"Android 15 Go edition, itel OS 15",Unisoc T7100,Octa-core 1.8 GHz,PowerVR GE8322,8 MP,8,5 MP,5,5000 mAh,5000,,,"Cloud White, Natural Black, Lake Green",,,GSMArena screenshot supplied by user,2026-09-27
Itel,Itel City 200,4/128,Itel City 200 4/128,,https://itel-pk.com/products/city200,"IPS LCD, 120Hz, 1000 nits (HBM)",6.78 inches,720 x 1576 pixels,120,Android 15,Unisoc T7250 (12 nm),Octa-core (2x1.8 GHz Cortex-A75 & 6x1.6 GHz Cortex-A55),Mali-G57 MP1,50 MP,50,8 MP,8,5200 mAh,5200,18W wired; reverse wired,18,"Bass Black, Echo Silver, Vibe Purple, Melody Pink",,,GSMArena screenshot supplied by user,2026-09-27
Itel,Itel City 200,6/128,Itel City 200 6/128,,https://itel-pk.com/products/city200,"IPS LCD, 120Hz, 1000 nits (HBM)",6.78 inches,720 x 1576 pixels,120,Android 15,Unisoc T7250 (12 nm),Octa-core (2x1.8 GHz Cortex-A75 & 6x1.6 GHz Cortex-A55),Mali-G57 MP1,50 MP,50,8 MP,8,5200 mAh,5200,18W wired; reverse wired,18,"Bass Black, Echo Silver, Vibe Purple, Melody Pink",,,GSMArena screenshot supplied by user,2026-09-27
Itel,Itel City 200,4/256,Itel City 200 4/256,,https://itel-pk.com/products/city200,"IPS LCD, 120Hz, 1000 nits (HBM)",6.78 inches,720 x 1576 pixels,120,Android 15,Unisoc T7250 (12 nm),Octa-core (2x1.8 GHz Cortex-A75 & 6x1.6 GHz Cortex-A55),Mali-G57 MP1,50 MP,50,8 MP,8,5200 mAh,5200,18W wired; reverse wired,18,"Bass Black, Echo Silver, Vibe Purple, Melody Pink",,,GSMArena screenshot supplied by user,2026-09-27
Itel,Itel S26 Ultra,8/128,Itel S26 Ultra 8/128,,https://itel-pk.com/products/super-26-ultra,"AMOLED, 1B colors, 144Hz, PWM, HDR, 4500 nits (peak)",6.8 inches,1080 x 2436 pixels,144,"Android 15, itel OS 15",Unisoc T7300 (6 nm),Octa-core (2x2.2 GHz Cortex-A78 & 6x2.0 GHz Cortex-A55),Mali-G57 MP2,50 MP + macro,50,32 MP,32,6000 mAh,6000,18W wired,18,"Silver, Blue, Gold, Silver/Gold",,,GSMArena screenshot supplied by user,2026-09-27
Itel,Itel S26 Ultra,8/256,Itel S26 Ultra 8/256,,https://itel-pk.com/products/super-26-ultra,"AMOLED, 1B colors, 144Hz, PWM, HDR, 4500 nits (peak)",6.8 inches,1080 x 2436 pixels,144,"Android 15, itel OS 15",Unisoc T7300 (6 nm),Octa-core (2x2.2 GHz Cortex-A78 & 6x2.0 GHz Cortex-A55),Mali-G57 MP2,50 MP + macro,50,32 MP,32,6000 mAh,6000,18W wired,18,"Silver, Blue, Gold, Silver/Gold",,,GSMArena screenshot supplied by user,2026-09-27
Itel,Itel A100C,2/64,Itel A100C 2/64,,https://itel-pk.com/products/a100cs,"IPS LCD, 90Hz, 400 nits",6.6 inches,720 x 1612 pixels,90,"Android 15 Go edition, itel OS 15",Unisoc T7100,Octa-core 1.8 GHz,PowerVR GE8322,8 MP,8,5 MP,5,5000 mAh,5000,,,"Pure Black, Titanium Gold, Blaze Blue, Silk Green",,,GSMArena screenshot supplied by user,2026-09-27
Itel,Itel A100C,3/64,Itel A100C 3/64,,https://itel-pk.com/products/a100cs,"IPS LCD, 90Hz, 400 nits",6.6 inches,720 x 1612 pixels,90,"Android 15 Go edition, itel OS 15",Unisoc T7100,Octa-core 1.8 GHz,PowerVR GE8322,8 MP,8,5 MP,5,5000 mAh,5000,,,"Pure Black, Titanium Gold, Blaze Blue, Silk Green",,,GSMArena screenshot supplied by user,2026-09-27
Itel,Itel A100C,4/64,Itel A100C 4/64,,https://itel-pk.com/products/a100cs,"IPS LCD, 90Hz, 400 nits",6.6 inches,720 x 1612 pixels,90,"Android 15 Go edition, itel OS 15",Unisoc T7100,Octa-core 1.8 GHz,PowerVR GE8322,8 MP,8,5 MP,5,5000 mAh,5000,,,"Pure Black, Titanium Gold, Blaze Blue, Silk Green",,,GSMArena screenshot supplied by user,2026-09-27
Itel,Itel A100C,4/128,Itel A100C 4/128,,https://itel-pk.com/products/a100cs,"IPS LCD, 90Hz, 400 nits",6.6 inches,720 x 1612 pixels,90,"Android 15 Go edition, itel OS 15",Unisoc T7100,Octa-core 1.8 GHz,PowerVR GE8322,8 MP,8,5 MP,5,5000 mAh,5000,,,"Pure Black, Titanium Gold, Blaze Blue, Silk Green",,,GSMArena screenshot supplied by user,2026-09-27
HONOR,HONOR X6d 5G,4/128,HONOR X6d 5G 4/128,,https://www.honor.com/latam/phones/honor-x6d-5g/spec/,"TFT LCD, 120Hz",6.77 inches,720 x 1610 pixels,120,"Android 15, MagicOS 9",Mediatek Dimensity 6300,,Mali-G57 MC2,50 MP wide + auxiliary,50,5 MP,5,6500 mAh,6500,35W wired,35,"Midnight Black, Ocean Cyan",,,HONOR official specifications,2026-10-02
HONOR,HONOR X9c 5G,12/256,HONOR X9c 5G 12/256,,https://www.honor.com/global/phones/honor-x9c/spec/,"AMOLED, 120Hz",6.78 inches,1224 x 2700 pixels,120,"Android 14, MagicOS 8",Qualcomm Snapdragon 6 Gen 1,,Adreno 710,108 MP wide + 5 MP ultrawide,108,16 MP,16,6600 mAh,6600,66W wired,66,"Titanium Purple, Titanium Black, Jade Cyan",,,Online research: official brand page and GSMArena cross-check,2026-10-02
HONOR,HONOR 400 Lite 5G,12/256,HONOR 400 Lite 5G 12/256,,https://www.honor.com/global/phones/honor-400-lite/spec/,"AMOLED, 120Hz",6.7 inches,1080 x 2412 pixels,120,"Android 15, MagicOS 9",Mediatek Dimensity 7025 Ultra,,IMG BXM-8-256,108 MP wide + 5 MP ultrawide/depth,108,16 MP,16,5230 mAh,5230,35W wired,35,"Velvet Black, Velvet Grey, Marrs Green",,,Online research: official brand page and GSMArena cross-check,2026-10-02
HONOR,HONOR X9d 5G,12/256,HONOR X9d 5G 12/256,,https://www.honor.com/sa-en/phones/honor-x9d/spec/,"AMOLED, 120Hz, 3840Hz PWM",6.79 inches,1200 x 2640 pixels,120,"Android 15, MagicOS 9",Qualcomm Snapdragon 6 Gen 4,Octa-core (1x2.3 GHz Cortex-A720 & 3x2.2 GHz Cortex-A720 & 4x1.8 GHz Cortex-A520),Adreno A810,108 MP wide + 5 MP ultrawide,108,16 MP,16,8300 mAh,8300,66W wired,66,"Reddish Brown, Sunrise Gold, Midnight Black, Forest Green",,,HONOR official specifications,2026-10-02
HONOR,HONOR X8d,8/256,HONOR X8d 8/256,,https://www.honor.com/uz-uz/phones/honor-x8d/spec/,"AMOLED, 120Hz",6.77 inches,1080 x 2392 pixels,120,"Android 16, MagicOS 10",Qualcomm Snapdragon 6s 4G Gen 2,Octa-core (4x2.9 GHz Cortex-A73 & 4x1.9 GHz Cortex-A53),Adreno 610,108 MP wide + 5 MP ultrawide,108,16 MP,16,7000 mAh,7000,45W wired,45,"Blue, Grey, Black",,,HONOR official specifications,2026-10-02
HONOR,HONOR X6c,6/256,HONOR X6c 6/256,,https://www.honor.com/sg/phones/honor-x6c/spec/,"TFT LCD, 120Hz",6.61 inches,720 x 1604 pixels,120,"Android 15, MagicOS 9",Mediatek Helio G81 Ultra,Octa-core (2x2.0 GHz Cortex-A75 & 6x1.7 GHz Cortex-A55),Mali-G52 MC2,50 MP wide + auxiliary,50,5 MP,5,5300 mAh,5300,35W wired,35,"Ocean Cyan, Midnight Black, Moonlight White",,,HONOR official specifications,2026-10-02
HONOR,HONOR X6c,6/128,HONOR X6c 6/128,,https://www.honor.com/sg/phones/honor-x6c/spec/,"TFT LCD, 120Hz",6.61 inches,720 x 1604 pixels,120,"Android 15, MagicOS 9",Mediatek Helio G81 Ultra,Octa-core (2x2.0 GHz Cortex-A75 & 6x1.7 GHz Cortex-A55),Mali-G52 MC2,50 MP wide + auxiliary,50,5 MP,5,5300 mAh,5300,35W wired,35,"Ocean Cyan, Midnight Black, Moonlight White",,,HONOR official specifications,2026-10-02
HONOR,HONOR X5c Plus,4/128,HONOR X5c Plus 4/128,,https://www.honor.com/sa-en/phones/honor-x5c-plus/,"TFT LCD, 90Hz",6.74 inches,720 x 1600 pixels,90,"Android 15, MagicOS 9",Mediatek Helio G81,,Mali-G52 MC2,50 MP wide + auxiliary,50,5 MP,5,5260 mAh,5260,15W wired,15,"Ocean Cyan, Midnight Black",,,Online research: official brand page and GSMArena cross-check,2026-10-02
HONOR,HONOR X7d,8/256,HONOR X7d 8/256,,https://www.honor.com/ma/phones/honor-x7d/spec/,"TFT LCD, 120Hz",6.77 inches,720 x 1610 pixels,120,"Android 15, MagicOS 9",Qualcomm Snapdragon 685,Octa-core (4x2.8 GHz Cortex-A73 & 4x1.9 GHz Cortex-A53),Adreno 610,108 MP wide + 2 MP depth,108,8 MP,8,6500 mAh,6500,35W wired,35,"Desert Gold, Meteor Silver, Velvet Black",,,HONOR official specifications,2026-10-02
HONOR,HONOR X5c,4/64,HONOR X5c 4/64,,https://www.honor.com/vn/phones/honor-x5c/spec/,"TFT LCD, 90Hz",6.74 inches,720 x 1600 pixels,90,"Android 15, MagicOS 9",Mediatek Helio G81,Octa-core (2x2.0 GHz Cortex-A75 & 6x1.7 GHz Cortex-A55),Mali-G52 MC2,13 MP wide + QVGA auxiliary,13,5 MP,5,5260 mAh,5260,15W wired,15,"Tidal Blue, Midnight Black",,,HONOR official specifications,2026-10-02
Infinix,Infinix Hot 60 Pro,8/128,Infinix Hot 60 Pro 8/128,,https://www.gsmarena.com/infinix_hot_60_pro-13999.php,"AMOLED, 144Hz",6.78 inches,1224 x 2720 pixels,144,"Android 15, XOS 15.1",Mediatek Helio G200 (6 nm),,Mali-G57 MC2,50 MP wide + auxiliary,50,13 MP,13,5160 mAh,5160,45W wired; 10W reverse wired,45,"Sleek Black, Titanium Silver, Coral Tides, Sapphire Blue",,,Online research: official brand page and GSMArena cross-check,2026-10-02
Infinix,Infinix Note 50 Pro+ 5G,12/256,Infinix Note 50 Pro+ 5G 12/256,,https://www.gsmarena.com/infinix_note_50_pro+_5g-13702.php,"AMOLED, 144Hz",6.78 inches,1080 x 2436 pixels,144,"Android 15, XOS 15",Mediatek Dimensity 8350 Ultimate (4 nm),,Mali-G615 MC6,50 MP wide + 50 MP periscope telephoto + 8 MP ultrawide,50,32 MP,32,5200 mAh,5200,100W wired; 50W wireless,100,"Titanium Grey, Enchanted Purple, Racing Edition, Shadow Black",,,Online research: official brand page and GSMArena cross-check,2026-10-02
Infinix,Infinix GT 30 5G,8/256,Infinix GT 30 5G 8/256,,https://www.gsmarena.com/infinix_gt_30_5g-14057.php,"AMOLED, 1B colors, 144Hz",6.78 inches,1224 x 2720 pixels,144,"Android 15, XOS 15",Mediatek Dimensity 7400 (4 nm),,Mali-G615 MC2,64 MP wide + 8 MP ultrawide,64,13 MP,13,5500 mAh,5500,45W wired; 10W reverse wired,45,"Cyber Blue, Blade White, Pulse Green, Shadow Ash",,,Online research: official brand page and GSMArena cross-check,2026-10-02
Infinix,Infinix Note 50,8/256,Infinix Note 50 8/256,,https://www.gsmarena.com/infinix_note_50_4g-13700.php,"AMOLED, 144Hz",6.78 inches,1080 x 2436 pixels,144,"Android 15, XOS 15",Mediatek Helio G100 Ultimate (6 nm),,Mali-G57 MC2,50 MP wide + 2 MP auxiliary,50,13 MP,13,5200 mAh,5200,45W wired; 30W wireless,45,"Titanium Grey, Ruby Red, Mountain Shade, Shadow Black",,,Online research: official brand page and GSMArena cross-check,2026-10-02
Infinix,Infinix Hot 60 Pro+,8/256,Infinix Hot 60 Pro+ 8/256,,https://www.gsmarena.com/infinix_hot_60_pro-13999.php,"AMOLED, 144Hz",6.78 inches,1224 x 2720 pixels,144,"Android 15, XOS 15.1",Mediatek Helio G200 (6 nm),,Mali-G57 MC2,50 MP wide + auxiliary,50,13 MP,13,5160 mAh,5160,45W wired; 10W reverse wired,45,"Sleek Black, Titanium Silver, Coral Tides, Sapphire Blue",,,Online research: official brand page and GSMArena cross-check,2026-10-02
Infinix,Infinix Smart 9 HD,3/64,Infinix Smart 9 HD 3/64,,https://www.gsmarena.com/infinix_smart_9_hd-13654.php,"IPS LCD, 90Hz",6.7 inches,720 x 1600 pixels,90,"Android 14 Go edition, XOS 14",Mediatek Helio G50,,PowerVR GE8320,13 MP wide + auxiliary,13,8 MP,8,5000 mAh,5000,10W wired,10,"Metallic Black, Neo Titanium, Mint Green, Coral Gold",,,Online research: official brand page and GSMArena cross-check,2026-10-02
Oppo,Oppo A6k,4/128,Oppo A6k 4/128,,https://www.oppo.com/pk/smartphones/series-a/a6k/specs/,"IPS LCD, 120Hz, 900 nits (typ), 1125 nits (peak)",6.75 inches,720 x 1570 pixels,120,"Android 15, ColorOS 15",Mediatek Dimensity 6300 (6 nm),Octa-core (2x2.4 GHz Cortex-A76 & 6x2.0 GHz Cortex-A55),Mali-G57 MC2,50 MP,50,8 MP,8,7000 mAh,7000,45W wired,45,"Twilight Blue, Seashell White, Dawn Gold",,,GSMArena screenshot supplied by user; Daraz 2026-10-02 memory coverage,2026-10-02
Oppo,Oppo Reno 12F 5G,12/256,Oppo Reno 12F 5G 12/256,,https://www.gsmarena.com/oppo_reno12_f_5g-13127.php,"AMOLED, 120Hz",6.67 inches,1080 x 2400 pixels,120,"Android 14, ColorOS 14",Mediatek Dimensity 6300 (6 nm),,Mali-G57 MC2,50 MP wide + 8 MP ultrawide + 2 MP macro,50,32 MP,32,5000 mAh,5000,45W wired,45,"Olive Green, Amber Orange",,,Online research: official brand page and GSMArena cross-check,2026-10-02
Oppo,Oppo A6c,4/64,Oppo A6c 4/64,,https://www.oppo.com/pk/smartphones/series-a/a6c/specs/,"IPS LCD, 120Hz, 700 nits (typ)",6.75 inches,720 x 1570 pixels,120,"Android 15, ColorOS 15",Unisoc T7250 (12 nm),Octa-core (2x1.8 GHz Cortex-A75 & 6x1.6 GHz Cortex-A55),Mali-G57 MP1,13 MP,13,5 MP,5,7000 mAh,7000,15W wired; 5W reverse wired,15,"Stone Brown, Feather Purple, Feather White",,,GSMArena screenshot supplied by user; Daraz 2026-10-02 memory coverage,2026-10-02
Oppo,Oppo A6x,4/64,Oppo A6x 4/64,,https://www.oppo.com/pk/smartphones/series-a/a6x/specs/,"IPS LCD, 120Hz, 1125 nits (peak)",6.75 inches,720 x 1570 pixels,120,"Android 15, ColorOS 15",Mediatek Dimensity 6300 (6 nm),Octa-core (2x2.4 GHz Cortex-A76 & 6x2.0 GHz Cortex-A55),Mali-G57 MC2,50 MP,50,5 MP,5,6500 mAh,6500,Wired; 5W reverse wired,5,"Plum Purple, Violet Purple",,,GSMArena screenshot supplied by user; Daraz 2026-10-02 memory coverage,2026-10-02
Oppo,Oppo A6k,6/128,Oppo A6k 6/128,,https://www.oppo.com/pk/smartphones/series-a/a6k/specs/,"IPS LCD, 120Hz, 900 nits (typ), 1125 nits (peak)",6.75 inches,720 x 1570 pixels,120,"Android 15, ColorOS 15",Mediatek Dimensity 6300 (6 nm),Octa-core (2x2.4 GHz Cortex-A76 & 6x2.0 GHz Cortex-A55),Mali-G57 MC2,50 MP,50,8 MP,8,7000 mAh,7000,45W wired,45,"Twilight Blue, Seashell White, Dawn Gold",,,GSMArena screenshot supplied by user; Daraz 2026-10-02 memory coverage,2026-10-02
Oppo,Oppo Reno 14 5G,12/256,Oppo Reno 14 5G 12/256,,https://www.oppo.com/pt/smartphones/series-reno/reno14/specs/,"AMOLED, 1B colors, 120Hz",6.59 inches,1256 x 2760 pixels,120,"Android 15, ColorOS 15",Mediatek Dimensity 8350 (4 nm),,Mali-G615 MC6,50 MP wide + 50 MP telephoto + 8 MP ultrawide,50,50 MP,50,6000 mAh,6000,80W wired,80,"Pearl White, Luminous Green",,,OPPO official specifications,2026-10-02
Oppo,Oppo A5,8/128,Oppo A5 8/128,,https://www.gsmarena.com/oppo_a5-13734.php,"AMOLED, 120Hz",6.7 inches,1080 x 2412 pixels,120,"Android 15, ColorOS 15",Qualcomm Snapdragon 6 Gen 1 (4 nm),,Adreno 710,50 MP wide + 2 MP monochrome,50,8 MP,8,6500 mAh,6500,45W wired,45,"Aurora Green, Twilight Blue, Mist White",,,Online research: official brand page and GSMArena cross-check,2026-10-02
realme,realme C71,6/128,realme C71 6/128,,https://www.gsmarena.com/realme_c71-13931.php,"IPS LCD, 120Hz",6.67 inches,720 x 1604 pixels,120,"Android 15, realme UI 6",Unisoc T7250,,Mali-G57 MP1,50 MP wide,50,5 MP,5,6300 mAh,6300,45W wired,45,"Forest Owl, White Swan",,,Online research: official brand page and GSMArena cross-check,2026-10-02
Samsung,Samsung Galaxy A06,4/128,Samsung Galaxy A06 4/128,,https://www.samsung.com/levant/smartphones/galaxy-a/galaxy-a06-light-blue-128gb-sm-a065flbgmea/,"PLS LCD, 60Hz",6.7 inches,720 x 1600 pixels,60,"Android 14, One UI 6.1",Mediatek Helio G85 (12 nm),,Mali-G52 MC2,50 MP wide + 2 MP depth,50,8 MP,8,5000 mAh,5000,25W wired,25,"Blue, Gold, White",,,Online research: official brand page and GSMArena cross-check,2026-10-02
Samsung,Samsung Galaxy A07,4/128,Samsung Galaxy A07 4/128,,https://www.samsung.com/pk/smartphones/galaxy-a/galaxy-a07-light-violet-64gb-sm-a075flvdpkd/#specs,LCD Color Depth (Main Display) 16M Camera Rear Camera - Resolution (Multiple) 50,"6.7 inches, 108.4 cm2 (~83.6% screen-to-body ratio)",720 x 1600,90,"Android 16, up to 6 major Android upgrades, One UI 8",Mediatek Dimensity 6300 (6 nm),Speed 2,Mali-G57 MC2,"system with a 50MP main lens and 2MP depth sensor, plus an 8MP",50,for selfies. Does the Galaxy A07 support fast,7,Li-Ion 6000 mAh,6000,"through a USB Type-C port, though exact charging speed may vary by region (up to 25W in supported variants)",25,"Black, Light Violet",,,Official brand website; Daraz 2026-10-02 memory coverage,2026-10-02
Samsung,Samsung Galaxy S25 Ultra,12/256,Samsung Galaxy S25 Ultra 12/256,,https://www.samsung.com/us/smartphones/galaxy-s25-ultra/specs/,"Dynamic LTPO AMOLED 2X, 120Hz, HDR10+",6.9 inches,1440 x 3120 pixels,120,"Android 15, One UI 7",Qualcomm Snapdragon 8 Elite for Galaxy (3 nm),,Adreno 830,200 MP wide + 50 MP periscope + 10 MP telephoto + 50 MP ultrawide,200,12 MP,12,5000 mAh,5000,45W wired; 15W wireless,45,"Titanium Silverblue, Titanium Black, Titanium Whitesilver, Titanium Gray",,,Online research: official brand page and GSMArena cross-check,2026-10-02
Tecno,Tecno Spark 50 5G,6/128,Tecno Spark 50 5G 6/128,,https://turkiye.tecno-mobile.com/phones/product-detail/product/spark-50-5g/,"IPS LCD, 120Hz",6.78 inches,720 x 1576 pixels,120,"Android 16, HiOS 16",Mediatek Dimensity 6400,,Mali-G57 MC2,50 MP wide,50,8 MP,8,6500 mAh,6500,45W wired,45,"Fantasy Purple, Champagne Gold, Mint Green, Titanium Grey, Ink Black",,,TECNO official page and independent review cross-check,2026-10-02
Vivo,Vivo Y05,4/128,Vivo Y05 4/128,,https://www.gsmarena.com/vivo_y05-13854.php,"IPS LCD, 90Hz",6.74 inches,720 x 1600 pixels,90,"Android 15 Go, Funtouch 15",Unisoc T7225,,Mali-G57 MP1,13 MP wide + auxiliary,13,5 MP,5,5500 mAh,5500,15W wired,15,"Titanium Gold, Mystic Purple",,,Online research: official brand page and GSMArena cross-check,2026-10-02
Vivo,Vivo Y400,8/128,Vivo Y400 8/128,,https://www.gsmarena.com/vivo_y400_5g-14050.php,"AMOLED, 120Hz",6.67 inches,1080 x 2400 pixels,120,"Android 15, Funtouch 15",Qualcomm Snapdragon 4 Gen 2 (4 nm),,Adreno 613,50 MP wide + 2 MP depth,50,32 MP,32,6000 mAh,6000,90W wired,90,"Freestyle White, Glam White, Olive Green",,,Online research: official brand page and GSMArena cross-check,2026-10-02
Vivo,Vivo Y05,4/64,Vivo Y05 4/64,,https://www.gsmarena.com/vivo_y05-13854.php,"IPS LCD, 90Hz",6.74 inches,720 x 1600 pixels,90,"Android 15 Go, Funtouch 15",Unisoc T7225,,Mali-G57 MP1,13 MP wide + auxiliary,13,5 MP,5,5500 mAh,5500,15W wired,15,"Titanium Gold, Mystic Purple",,,Online research: official brand page and GSMArena cross-check,2026-10-02
Vivo,Vivo Y19s Pro,6/128,Vivo Y19s Pro 6/128,,https://www.gsmarena.com/vivo_y19s_pro-13974.php,"IPS LCD, 90Hz",6.68 inches,720 x 1608 pixels,90,"Android 15, Funtouch 15",Unisoc T612,,Mali-G57,50 MP wide + auxiliary,50,5 MP,5,6000 mAh,6000,44W wired,44,"Pearl Silver, Glacier Blue, Diamond Black",,,Online research: official brand page and GSMArena cross-check,2026-10-02
Vivo,Vivo V60 Lite,8/256,Vivo V60 Lite 8/256,,https://www.gsmarena.com/vivo_v60_lite-14172.php,"AMOLED, 1B colors, 120Hz",6.77 inches,1080 x 2392 pixels,120,"Android 15, Funtouch 15",Qualcomm Snapdragon 685 (6 nm),,Adreno 610,50 MP wide + 8 MP ultrawide,50,32 MP,32,6500 mAh,6500,90W wired; 6W reverse wired,90,"Black, Blue",,,Online research: official brand page and GSMArena cross-check,2026-10-02
Vivo,Vivo V60 5G Lite,12/256,Vivo V60 5G Lite 12/256,,https://www.gsmarena.com/vivo_v60_lite_5g-14170.php,"AMOLED, 1B colors, 120Hz",6.77 inches,1080 x 2392 pixels,120,"Android 15, Funtouch 15",Mediatek Dimensity 7360 Turbo,,Mali-G615 MC2,50 MP wide + 8 MP ultrawide,50,32 MP,32,6500 mAh,6500,90W wired; reverse wired,90,"Black, Blue",,,Online research: official brand page and GSMArena cross-check,2026-10-02
Xiaomi,Redmi Note 15,8/256,Redmi Note 15 8/256,,https://www.gsmarena.com/xiaomi_redmi_note_15-14323.php,"AMOLED, 120Hz, 3840Hz PWM",6.77 inches,1080 x 2392 pixels,120,"Android 15, HyperOS 2",Mediatek Helio G100 Ultra (6 nm),,Mali-G57 MC2,108 MP wide + auxiliary,108,20 MP,20,6000 mAh,6000,33W wired; 18W reverse wired,33,"Black, Forest Green, Glacier Blue, Purple",,,Online research: official brand page and GSMArena cross-check,2026-10-02
Xiaomi,Redmi Note 15 Pro+ 5G,8/256,Redmi Note 15 Pro+ 5G 8/256,,https://www.gsmarena.com/xiaomi_redmi_note_15_pro+_5g_%28global%29-14326.php,"AMOLED, 120Hz, HDR10+, Dolby Vision",6.83 inches,1280 x 2772 pixels,120,"Android 15, HyperOS 2",Qualcomm Snapdragon 7s Gen 4 (4 nm),,Adreno 810,200 MP wide + 50 MP telephoto + 8 MP ultrawide,200,32 MP,32,7000 mAh,7000,100W wired; reverse wired,100,"Black, Glacier Blue, Mocha Brown",,,Online research: official brand page and GSMArena cross-check,2026-10-02
Xiaomi,Redmi A7 Pro,4/64,Redmi A7 Pro 4/64,,https://www.mi.com/pk/product/redmi-a7-pro/specs/,"LCD displayResolution: 1600 x 720 254 PPIRefresh rate: Up to 120HzBrightness: 650nits (typ), 800nits (H","6.9""",1600 x 720,120,Xiaomi HyperOS 3Package contentMobile Phone | Adapter | USB Type-C Cable | SIM Eject Tool | Pr,"UNISOC T7250 processor 12nm process, octa-coreCPU: 2*A75@1",2*A75@1,Mali-G57Memory4+64GB | 4+128GBLPDDR4X + UFS2,"13MP main camera1/3.06"" sensor sizef/2.2Auxiliary lensfilmCamera | HDR mode | Time-lapse | Portrait mode | Night mode | Document modeRear camera video recording1080p at 30fps720p at 30fps",13,,,and Charging6000mAh (typ)15W fast charging*Please consult the local seller on the availability of t,6000,6000mAh (typ)15W fast charging*Please consult the local seller on the availa,6000,,,,Official brand website; Daraz 2026-10-02 memory coverage,2026-10-02
Xiaomi,Redmi 15,8/256,Redmi 15 8/256,,https://www.mi.com/pk/product/redmi-15/specs/,"IPS LCD, 144Hz","6.9""",2340 × 1080,144,"Xiaomi HyperOS 2*Availability of Xiaomi HyperOS 2 features, apps and services may vary dependi","Snapdragon® 685 Mobile Platform6nm process, octa-core CPUCPU: Qualcomm® Kryo™, up to 2","CPU: Qualcomm® Kryo™, up to 2",Qualcomm® Adreno™Storage & RAM8GB + 128GB**Available configurations may differ b,50MP main camera5P lensf/1.8Auxiliary lensRear camera video recording1080p (1920x1080) HD video recording at 30 fps720p (1280x720) HD video recording at 30 fps,50,video recording1080p (1920x1080) HD video recording at 30 fps720p (1280x720) HD video recording at 30 fps,1080,& charging7000mAh (typ) battery33W fast charging33W in-box chargerSecuritySide fingerprint sensor,7000,7000mAh (typ) battery33W fast charging33W in-box chargerSecuritySide fingerprint sen,7000,,,,Official brand website; Daraz 2026-10-02 memory coverage,2026-10-02
Xiaomi,Redmi Note 15 Pro+ 5G,12/512,Redmi Note 15 Pro+ 5G 12/512,,https://www.gsmarena.com/xiaomi_redmi_note_15_pro+_5g_%28global%29-14326.php,"AMOLED, 120Hz, HDR10+, Dolby Vision",6.83 inches,1280 x 2772 pixels,120,"Android 15, HyperOS 2",Qualcomm Snapdragon 7s Gen 4 (4 nm),,Adreno 810,200 MP wide + 50 MP telephoto + 8 MP ultrawide,200,32 MP,32,7000 mAh,7000,100W wired; reverse wired,100,"Black, Glacier Blue, Mocha Brown",,,Online research: official brand page and GSMArena cross-check,2026-10-02
Xiaomi,Redmi Note 15 5G,8/256,Redmi Note 15 5G 8/256,,https://www.gsmarena.com/xiaomi_redmi_note_15_5g_%28global%29-14328.php,"AMOLED, 120Hz, HDR10+",6.77 inches,1080 x 2392 pixels,120,"Android 15, HyperOS 2",Qualcomm Snapdragon 6 Gen 3 (4 nm),,Adreno 710,108 MP wide + 8 MP ultrawide,108,20 MP,20,5520 mAh,5520,45W wired; 18W reverse wired,45,"Black, Glacier Blue, Mist Purple",,,Online research: official brand page and GSMArena cross-check,2026-10-02
Xiaomi,Redmi Note 15,6/128,Redmi Note 15 6/128,,https://www.gsmarena.com/xiaomi_redmi_note_15-14323.php,"AMOLED, 120Hz, 3840Hz PWM",6.77 inches,1080 x 2392 pixels,120,"Android 15, HyperOS 2",Mediatek Helio G100 Ultra (6 nm),,Mali-G57 MC2,108 MP wide + auxiliary,108,20 MP,20,6000 mAh,6000,33W wired; 18W reverse wired,33,"Black, Forest Green, Glacier Blue, Purple",,,Online research: official brand page and GSMArena cross-check,2026-10-02
Xiaomi,Redmi 15C,8/256,Redmi 15C 8/256,,https://www.mi.com/pk/product/redmi-15c/specs/,"IPS LCD, 120Hz","6.9""",1600*720,120,"Xiaomi HyperOS 2*Availability of Xiaomi HyperOS 2 features, apps and services may vary dependi",MediaTek Helio G81-Ultra processorOcta-coreCPUCortex-A75+Cortex-A55Max CPU frequency: 2,Cortex-A75+Cortex-A55Max CPU frequency: 2,Mali-G52 MC2Storage & RAMLPDDR4X + eMMC 5,50MP main camera5P lensf/1.8Auxiliary lensfilmCamera | HDR mode | Night modePortrait mode | Time-lapseRear video recording1080p (1920x1080) HD video recording at 30 fps720p (1280x720) HD video recording at 30 fps,50,,,& Charging6000mAh (typ)Supports 33W fast chargingUSB Type-CSecuritySide fingerprint sensorAI face,6000,6000mAh (typ)Supports 33W fast chargingUSB Type-CSecuritySide fingerprint sensorAI fa,6000,,,,Official brand website; Daraz 2026-10-02 memory coverage,2026-10-02
Xiaomi,Redmi 15,6/128,Redmi 15 6/128,,https://www.mi.com/pk/product/redmi-15/specs/,"IPS LCD, 144Hz","6.9""",2340 × 1080,144,"Xiaomi HyperOS 2*Availability of Xiaomi HyperOS 2 features, apps and services may vary dependi","Snapdragon® 685 Mobile Platform6nm process, octa-core CPUCPU: Qualcomm® Kryo™, up to 2","CPU: Qualcomm® Kryo™, up to 2",Qualcomm® Adreno™Storage & RAM8GB + 128GB**Available configurations may differ b,50MP main camera5P lensf/1.8Auxiliary lensRear camera video recording1080p (1920x1080) HD video recording at 30 fps720p (1280x720) HD video recording at 30 fps,50,video recording1080p (1920x1080) HD video recording at 30 fps720p (1280x720) HD video recording at 30 fps,1080,& charging7000mAh (typ) battery33W fast charging33W in-box chargerSecuritySide fingerprint sensor,7000,7000mAh (typ) battery33W fast charging33W in-box chargerSecuritySide fingerprint sen,7000,,,,Official brand website; Daraz 2026-10-02 memory coverage,2026-10-02
Infinix,Infinix Note 60 Ultra,12/256,Infinix Note 60 Ultra 12/256,,https://www.gsmarena.com/infinix_note_60_ultra_5g-14528.php,"AMOLED, 144Hz, 2304Hz PWM",6.78 inches,1208 x 2644 pixels,144,"Android 16, XOS 16",Mediatek Dimensity 8400 Ultimate (4 nm),,Mali-G720 MC7,200 MP wide + 50 MP periscope telephoto + 8 MP ultrawide,200,32 MP,32,7000 mAh,7000,100W wired; wireless charging,100,"Torino Black, Monza Red, Roma Silver, Amalfi Blue",,,GSMArena specifications and independent hands-on review,2026-10-02
Infinix,Infinix Smart 20,4/128,Infinix Smart 20 4/128,,https://bd.infinixmobility.com/specs/smart-20,"IPS LCD, 120Hz, 700 nits (HBM)","6.78 inches, 109.5 cm2 (~82.9% screen-to-body ratio)","720 x 1576 pixels, 19.5:9 ratio (~259 ppi density)",120,"Android 16, XOS 16",Mediatek Helio G81 Ultimate (12 nm),Octa-core (2x2.0 GHz Cortex-A75 & 6x1.7 GHz Cortex-A55),Mali-G52 MC2,"Single: 8 MP, f/2.0, (wide), 1/4.0"", 1.12µm, AF",8,"Single: 8 MP, f/2.0, (wide), 1/4.0"", 1.12µm",8,5200 mAh,5200,15W wired (5W reverse wired),15,"Shadow Black, Cloudline Blue, Polaris Titanium, Sunlike Orange",,,Official brand website + Mobile Price Monitor reference fallback; Daraz 2026-10-02 memory coverage,2026-10-02
Infinix,Infinix Note 60 Pro Limited Edition,8/256,Infinix Note 60 Pro Limited Edition 8/256,,https://www.91mobiles.com/infinix-note-60-pro-pininfarina-limited-edition-price-in-india,"AMOLED, 144Hz, 2304Hz PWM",6.78 inches,1208 x 2644 pixels,144,"Android 16, XOS 16",Qualcomm Snapdragon 7s Gen 4 (4 nm),,Adreno 810,50 MP wide + 8 MP ultrawide,50,13 MP,13,6500 mAh,6500,90W wired,90,Torino Black,,,91mobiles specifications; GSMArena launch coverage cross-check,2026-10-02
Infinix,Infinix Hot 70 Pro,8/128,Infinix Hot 70 Pro 8/128,,https://infinixmobiles.in/products/hot-70-pro,"LTPS LCD, 144Hz",6.76 inches,1080 x 2344 pixels,144,"Android 16, XOS 16",Mediatek Dimensity 7100 (6 nm),Octa-core (4x2.4 GHz Cortex-A78 & 4x2.0 GHz Cortex-A55),Mali-G610 MC2,50 MP Sony IMX882 wide,50,8 MP,8,6000 mAh,6000,45W wired; 10W reverse wired,45,"Silk Glow Purple, Dive Blue, Thermo Orange, Mirage Green",,,Infinix official product specifications,2026-10-02
Oppo,Oppo Reno 13 Pro 5G,12/512,Oppo Reno 13 Pro 5G 12/512,,https://www.oppo.com/en/smartphones/series-reno/reno13-pro/specs/,"AMOLED, 1B colors, 120Hz",6.83 inches,1272 x 2800 pixels,120,"Android 15, ColorOS 15",Mediatek Dimensity 8350 (4 nm),,Mali-G615 MC6,50 MP wide + 50 MP telephoto + 8 MP ultrawide,50,50 MP,50,5800 mAh,5800,80W wired,80,"Graphite Grey, Plume Purple",,,OPPO official specifications,2026-10-02
Oppo,Oppo Reno 14 5G,12/512,Oppo Reno 14 5G 12/512,,https://www.oppo.com/pt/smartphones/series-reno/reno14/specs/,"AMOLED, 1B colors, 120Hz",6.59 inches,1256 x 2760 pixels,120,"Android 15, ColorOS 15",Mediatek Dimensity 8350 (4 nm),,Mali-G615 MC6,50 MP wide + 50 MP telephoto + 8 MP ultrawide,50,50 MP,50,6000 mAh,6000,80W wired,80,"Pearl White, Luminous Green",,,OPPO official specifications,2026-10-02
Oppo,Oppo A5 Pro,8/256,Oppo A5 Pro 8/256,,https://www.oppo.com/pl/smartphones/series-a/a5-pro-5g/specs/,"IPS LCD, 120Hz",6.67 inches,720 x 1604 pixels,120,"Android 15, ColorOS 15",Mediatek Dimensity 6300 (6 nm),,Mali-G57 MC2,50 MP wide + 2 MP monochrome,50,8 MP,8,5800 mAh,5800,45W wired,45,"Flower Pink, Mocha Brown, Feather Blue",,,OPPO official specifications,2026-10-02
Oppo,Oppo Reno 13 5G,12/256,Oppo Reno 13 5G 12/256,,https://www.gsmarena.com/oppo_reno13_5g-13653.php,"AMOLED, 1B colors, 120Hz",6.59 inches,1256 x 2760 pixels,120,"Android 15, ColorOS 15",Mediatek Dimensity 8350 (4 nm),,Mali-G615 MC6,50 MP wide + 8 MP ultrawide,50,50 MP,50,5600 mAh,5600,80W wired,80,"Plume White, Luminous Blue",,,Online research: official brand page and GSMArena cross-check,2026-10-02
Oppo,Oppo A6s,8/256,Oppo A6s 8/256,,https://www.gsmarena.com/oppo_a6s_4g-14516.php,"IPS LCD, 120Hz",6.75 inches,720 x 1570 pixels,120,"Android 15, ColorOS 15",Qualcomm Snapdragon 685 (6 nm),,Adreno 610,50 MP wide + auxiliary,50,8 MP,8,7000 mAh,7000,80W wired,80,"Blue, White",,,Online research: official brand page and GSMArena cross-check,2026-10-02
Oppo,Oppo A6 Pro,8/256,Oppo A6 Pro 8/256,,https://www.gsmarena.com/oppo_a6_pro-14171.php,"AMOLED, 1B colors, 120Hz",6.57 inches,1080 x 2372 pixels,120,"Android 15, ColorOS 15",Mediatek Dimensity 6300 (6 nm),,Mali-G57 MC2,50 MP wide + auxiliary,50,16 MP,16,7000 mAh or 6500 mAh,7000,80W wired; 5W reverse wired,80,"Lunar Titanium, Stellar Blue, Coral Pink, Rosewood Red",,,Online research: official brand page and GSMArena cross-check,2026-10-02
realme,realme GT 7T,12/512,realme GT 7T 12/512,,https://www.gsmarena.com/realme_gt_7t_5g-13869.php,"AMOLED, 120Hz, HDR10+, Dolby Vision",6.8 inches,1280 x 2800 pixels,120,"Android 15, realme UI 6",Mediatek Dimensity 8400 Max (4 nm),,Mali-G720 MC7,50 MP wide + 8 MP ultrawide,50,32 MP,32,7000 mAh,7000,120W wired,120,"IceSense Black, IceSense Blue, Racing Yellow",,,Online research: official brand page and GSMArena cross-check,2026-10-02
realme,realme GT 7,12/512,realme GT 7 12/512,,https://www.gsmarena.com/realme_gt_7_5g-13863.php,"LTPO AMOLED, 120Hz, HDR10+, Dolby Vision",6.78 inches,1264 x 2780 pixels,120,"Android 15, realme UI 6",Mediatek Dimensity 9400e (4 nm),,Immortalis-G720 MC12,50 MP wide + 50 MP telephoto + 8 MP ultrawide,50,32 MP,32,7000 mAh,7000,120W wired; 7.5W reverse wired,120,"IceSense Black, IceSense Blue",,,Online research: official brand page and GSMArena cross-check,2026-10-02
realme,realme Note 60x,4/128,realme Note 60x 4/128,,https://www.realme.com/bd/realme-note-60x/specs,"IPS LCD, 90Hz, 560 nits (peak)","6.74 inches, 109.7 cm2 (~85.5% screen-to-body ratio)",1600*720,90,realme UI Based on Android 14Packing Listrealme Note 60x Screen Prote,"UNISOC T612 ChipsetCPU：octa-core, 2*A75 @1","：octa-core, 2*A75 @1",Mali-G57,5MP,5,"Single: 5 MP, (wide)",5,5000mAh Massive BatteryLong-lifespan BatteryUSB Type-C Port 10W Fast Charge *The batter,5000,& Battery5000mAh Massive BatteryLong-lifespan BatteryUSB Type-C Port 10W Fast Charge *The battery has a typical value of 5000mAh and,5000,Wilderness GreenMarble Black,,,Official brand website; Daraz 2026-10-02 memory coverage,2026-10-02
realme,realme Note 60x,3/64,realme Note 60x 3/64,,https://www.realme.com/bd/realme-note-60x/specs,"IPS LCD, 90Hz, 560 nits (peak)","6.74 inches, 109.7 cm2 (~85.5% screen-to-body ratio)",1600*720,90,realme UI Based on Android 14Packing Listrealme Note 60x Screen Prote,"UNISOC T612 ChipsetCPU：octa-core, 2*A75 @1","：octa-core, 2*A75 @1",Mali-G57,5MP,5,"Single: 5 MP, (wide)",5,5000mAh Massive BatteryLong-lifespan BatteryUSB Type-C Port 10W Fast Charge *The batter,5000,& Battery5000mAh Massive BatteryLong-lifespan BatteryUSB Type-C Port 10W Fast Charge *The battery has a typical value of 5000mAh and,5000,Wilderness GreenMarble Black,,,Official brand website; Daraz 2026-10-02 memory coverage,2026-10-02
realme,realme GT 7 Dream Edition,16/512,realme GT 7 Dream Edition 16/512,,https://www.gsmarena.com/realme_gt_7_5g-13863.php,"LTPO AMOLED, 120Hz, HDR10+, Dolby Vision",6.78 inches,1264 x 2780 pixels,120,"Android 15, realme UI 6",Mediatek Dimensity 9400e (4 nm),,Immortalis-G720 MC12,50 MP wide + 50 MP telephoto + 8 MP ultrawide,50,32 MP,32,7000 mAh,7000,120W wired; 7.5W reverse wired,120,Aston Martin Racing Green,,,Online research: official brand page and GSMArena cross-check,2026-10-02
Samsung,Samsung Galaxy S26 Ultra,12/1024,Samsung Galaxy S26 Ultra 12/1024,,https://www.samsung.com/pk/smartphones/galaxy-s26/specs/,"Dynamic LTPO AMOLED 2X, 120Hz, HDR10+, 2600 nits (peak)",6.9 inches,1440 x 3120 pixels,120,"Android 16, One UI 9",Qualcomm SM8850-1-AD Snapdragon 8 Elite Gen 5 (3 nm),Octa-core,Adreno 840,200 MP + 10 MP telephoto + 50 MP periscope telephoto + 50 MP ultrawide,200,12 MP,12,5000 mAh,5000,60W wired; 25W wireless; 4.5W reverse wireless,60,"Cobalt Violet, Sky Blue, Black, White, Silver Shadow, Pink Gold",,,GSMArena screenshot supplied by user; Daraz 2026-10-02 memory coverage,2026-10-02
Tecno,Tecno Spark 40 Pro+,8/256,Tecno Spark 40 Pro+ 8/256,,https://www.gsmarena.com/tecno_spark_40_pro-13985.php,"AMOLED, 144Hz",6.78 inches,1224 x 2720 pixels,144,"Android 15, HiOS 15.1",Mediatek Helio G100 Ultimate (6 nm),,Mali-G57 MC2,50 MP wide + auxiliary,50,13 MP,13,5200 mAh,5200,45W wired; 10W reverse wired,45,"Ink Black, Moon Titanium, Lake Blue, Bamboo Green",,,Online research: official brand page and GSMArena cross-check,2026-10-02
Tecno,Tecno Camon 50 Pro,8/256,Tecno Camon 50 Pro 8/256,,https://www.tecno-mobile.com/phones/tech-specs/techspecs/camon-50-pro/,"Curved AMOLED, 144Hz",6.78 inches,1208 x 2644 pixels,144,"Android 16, HiOS 16",Mediatek Helio G200 Ultimate,,Mali-G57 MC2,50 MP wide + 50 MP telephoto + 8 MP ultrawide,50,32 MP,32,6500 mAh,6500,45W wired,45,"Moonshadow Black, Malachite Green, Nebula Titanium, Fir Green, Lavender Mist, Ethereal Blue",,,TECNO official technical specifications,2026-10-02
Xiaomi,Redmi A5,4/128,Redmi A5 4/128,,https://www.mi.com/bd/product/redmi-a5/specs/,"IPS LCD, 120Hz","6.88""",1640*720,120,Android 15 (Go Edition)Package ContentsMobile Phone | Adapter | USB Type-C Cable | SIM,"UNISOC T7250 processor12nm process, octa-coreCPU: Up to 1",Up to 1,,filmCamera | HDR mode | Ultra HD | Night mode32MP main camera4P lensf/2.0Auxiliary lensRear camera video recording1080p 1920x1080 30fps720p 1280x720 30fps,32,HDR mode | Fill-light Portrait mode | Time-lapse | Night mode8MP front camera4P lensf/2.0Front video recording1080p 1920x1080 30fps720p 1280x720 30fps,8,& Charging5200mAh battery (typ)Supports 15W fast charging*Power adapter is sold separately in cer,5200,5200mAh battery (typ)Supports 15W fast charging*Power adapter is sold separately in certain r,5200,,,,Official brand website; Daraz 2026-10-02 memory coverage,2026-10-02
Xiaomi,Redmi Note 14 Pro,12/512,Redmi Note 14 Pro 12/512,,https://www.mi.com/pk/product/redmi-note-14-pro/specs/,AMOLED displayResolution: 2400 x 1080Refresh rate: Up to 120HzBrightness: 1800nits peak brightnessBrightne,"6.67""",2400 x 1080,120,Xiaomi HyperOSPackage contentMobile Phone / Adapter /USB Type-C Cable/ SIM Eject Tool /Protect,Mediatek Helio G100 Ultra (6 nm),"Octa-core processor, up to 2","Mali-G57 MC2Storage & RAM8+128GB, 8+256GB, 12+256GB, 12+512GBLPDDR4X + UFS2",200MP main camera OISf/1.6516-in-1 binning into one large 2.24μm pixel1/1.4” sensor size7P lens8MP ultra-wide cameraf2.22MP macro cameraf2.4Rear camera video recording1080p at 60fps1080p at 30fps720p at 30fps,200,32MP front cameraf/2.2Front camera video recording1080p at 30fps720p at 30fps,32,"and charging5500mAh (typ)45W turbo charging45W in-box chargerAI featuresGoogle Gemini, AI image edi",5500,"5500mAh (typ)45W turbo charging45W in-box chargerAI featuresGoogle Gemini, A",5500,,,,Official brand website; Daraz 2026-10-02 memory coverage,2026-10-02
Xiaomi,Xiaomi 15T 5G,12/512,Xiaomi 15T 5G 12/512,,https://www.gsmarena.com/xiaomi_15t-14116.php,"AMOLED, 68B colors, 120Hz, HDR10+, Dolby Vision",6.83 inches,1280 x 2772 pixels,120,"Android 15, HyperOS 2",Mediatek Dimensity 8400 Ultra (4 nm),,Mali-G720 MC7,50 MP wide + 50 MP telephoto + 12 MP ultrawide,50,32 MP,32,5500 mAh,5500,67W wired,67,"Black, Gray, Rose Gold",,,Online research: official brand page and GSMArena cross-check,2026-10-02
Xiaomi,Redmi 15C,4/128,Redmi 15C 4/128,,https://www.mi.com/pk/product/redmi-15c/specs/,"IPS LCD, 120Hz","6.9""",1600*720,120,"Xiaomi HyperOS 2*Availability of Xiaomi HyperOS 2 features, apps and services may vary dependi",MediaTek Helio G81-Ultra processorOcta-coreCPUCortex-A75+Cortex-A55Max CPU frequency: 2,Cortex-A75+Cortex-A55Max CPU frequency: 2,Mali-G52 MC2Storage & RAMLPDDR4X + eMMC 5,50MP main camera5P lensf/1.8Auxiliary lensfilmCamera | HDR mode | Night modePortrait mode | Time-lapseRear video recording1080p (1920x1080) HD video recording at 30 fps720p (1280x720) HD video recording at 30 fps,50,,,& Charging6000mAh (typ)Supports 33W fast chargingUSB Type-CSecuritySide fingerprint sensorAI face,6000,6000mAh (typ)Supports 33W fast chargingUSB Type-CSecuritySide fingerprint sensorAI fa,6000,,,,Official brand website; Daraz 2026-10-02 memory coverage,2026-10-02
Xiaomi,Redmi Note 15,8/128,Redmi Note 15 8/128,,https://www.gsmarena.com/xiaomi_redmi_note_15-14323.php,"AMOLED, 120Hz, 3840Hz PWM",6.77 inches,1080 x 2392 pixels,120,"Android 15, HyperOS 2",Mediatek Helio G100 Ultra (6 nm),,Mali-G57 MC2,108 MP wide + auxiliary,108,20 MP,20,6000 mAh,6000,33W wired; 18W reverse wired,33,"Black, Forest Green, Glacier Blue, Purple",,,Online research: official brand page and GSMArena cross-check,2026-10-02
Xiaomi,Redmi Note 15 Pro,12/512,Redmi Note 15 Pro 12/512,,https://www.gsmarena.com/xiaomi_redmi_note_15_pro_5g_%28global%29-14327.php,"AMOLED, 120Hz, HDR10+, Dolby Vision",6.83 inches,1280 x 2772 pixels,120,"Android 15, HyperOS 2",Mediatek Dimensity 7400 Ultra (4 nm),,Mali-G615 MC2,200 MP wide + 8 MP ultrawide,200,20 MP,20,6580 mAh,6580,45W wired; 22.5W reverse wired,45,"Black, Glacier Blue, Mist Purple, Titanium",,,Online research: official brand page and GSMArena cross-check,2026-10-02
Xiaomi,Xiaomi 17 Ultra,16/512,Xiaomi 17 Ultra 16/512,,https://www.gsmarena.com/xiaomi_17_ultra-14426.php,"LTPO AMOLED, 120Hz, HDR10+, Dolby Vision",6.9 inches,1440 x 3200 pixels,120,"Android 16, HyperOS 3",Qualcomm Snapdragon 8 Elite Gen 5,,Adreno 840,50 MP wide + 200 MP periscope telephoto + 50 MP ultrawide,200,32 MP,32,6800 mAh,6800,100W wired; 80W wireless,100,"Black, White, Green",,,Online research: official brand page and GSMArena cross-check,2026-10-02
Xiaomi,Redmi Note 15 Pro,8/256,Redmi Note 15 Pro 8/256,,https://www.gsmarena.com/xiaomi_redmi_note_15_pro_5g_%28global%29-14327.php,"AMOLED, 120Hz, HDR10+, Dolby Vision",6.83 inches,1280 x 2772 pixels,120,"Android 15, HyperOS 2",Mediatek Dimensity 7400 Ultra (4 nm),,Mali-G615 MC2,200 MP wide + 8 MP ultrawide,200,20 MP,20,6580 mAh,6580,45W wired; 22.5W reverse wired,45,"Black, Glacier Blue, Mist Purple, Titanium",,,Online research: official brand page and GSMArena cross-check,2026-10-02
Xiaomi,POCO C85,8/256,POCO C85 8/256,,https://www.gsmarena.com/xiaomi_poco_c85_5g-14337.php,"IPS LCD, 120Hz",6.9 inches,720 x 1600 pixels,120,"Android 15, HyperOS 2",Mediatek Dimensity 6300 (6 nm),,Mali-G57 MC2,50 MP wide + auxiliary,50,8 MP,8,6000 mAh,6000,33W wired; 10W reverse wired,33,"Mystic Purple, Spring Green, Power Black",,,Online research: official brand page and GSMArena cross-check,2026-10-02
Xiaomi,Redmi A7 Pro,4/128,Redmi A7 Pro 4/128,,https://www.mi.com/pk/product/redmi-a7-pro/specs/,"LCD displayResolution: 1600 x 720 254 PPIRefresh rate: Up to 120HzBrightness: 650nits (typ), 800nits (H","6.9""",1600 x 720,120,Xiaomi HyperOS 3Package contentMobile Phone | Adapter | USB Type-C Cable | SIM Eject Tool | Pr,"UNISOC T7250 processor 12nm process, octa-coreCPU: 2*A75@1",2*A75@1,Mali-G57Memory4+64GB | 4+128GBLPDDR4X + UFS2,"13MP main camera1/3.06"" sensor sizef/2.2Auxiliary lensfilmCamera | HDR mode | Time-lapse | Portrait mode | Night mode | Document modeRear camera video recording1080p at 30fps720p at 30fps",13,,,and Charging6000mAh (typ)15W fast charging*Please consult the local seller on the availability of t,6000,6000mAh (typ)15W fast charging*Please consult the local seller on the availa,6000,,,,Official brand website; Daraz 2026-10-02 memory coverage,2026-10-02
Apple,Apple iPhone 14,6/128,Apple iPhone 14 6/128,,https://support.apple.com/en-us/111850,"Super Retina XDR OLED, HDR10, Dolby Vision",6.1 inches,1170 x 2532 pixels,60,"iOS 16, upgradeable",Apple A15 Bionic (5 nm),Hexa-core (2x3.23 GHz Avalanche & 4x1.82 GHz Blizzard),Apple GPU (5-core graphics),12 MP wide + 12 MP ultrawide,12,12 MP TrueDepth,12,3279 mAh,3279,20W wired; 15W MagSafe wireless,20,"Midnight, Purple, Starlight, Blue, Red, Yellow",,,Apple Support technical specifications,2026-10-02
Apple,Apple iPhone 15,6/128,Apple iPhone 15 6/128,,https://support.apple.com/en-us/111831,"Super Retina XDR OLED, HDR10, Dolby Vision",6.1 inches,1179 x 2556 pixels,60,"iOS 17, upgradeable",Apple A16 Bionic (4 nm),Hexa-core,Apple GPU (5-core graphics),48 MP wide + 12 MP ultrawide,48,12 MP TrueDepth,12,3349 mAh,3349,20W wired; 15W MagSafe wireless,20,"Black, Blue, Green, Yellow, Pink",,,Apple Support technical specifications,2026-10-02
Apple,Apple iPhone 16,8/128,Apple iPhone 16 8/128,,https://www.apple.com/iphone-16/specs/,"Super Retina XDR OLED, HDR10, Dolby Vision",6.1 inches,1179 x 2556 pixels,60,iOS,Apple A18 (3 nm),6-core CPU (2 performance + 4 efficiency),Apple GPU (5-core graphics),48 MP Fusion wide + 12 MP ultrawide,48,12 MP TrueDepth,12,Built-in rechargeable lithium-ion battery,,Fast charge; 25W MagSafe/Qi2 wireless,25,"Black, White, Pink, Teal, Ultramarine",,,Apple official technical specifications,2026-10-02
Apple,Apple iPhone 17,8/256,Apple iPhone 17 8/256,,https://www.apple.com/iphone-17/specs/,"Super Retina XDR OLED, 120Hz ProMotion, HDR",6.3 inches,1206 x 2622 pixels,120,iOS,Apple A19,6-core CPU (2 performance + 4 efficiency),Apple GPU (5-core graphics),48 MP Fusion wide + 48 MP ultrawide,48,18 MP Center Stage,18,Built-in rechargeable lithium-ion battery,,Fast charge; 25W MagSafe/Qi2 wireless,25,"Black, White, Mist Blue, Sage, Lavender",,,Apple official technical specifications,2026-10-02
Apple,Apple iPhone 17,8/512,Apple iPhone 17 8/512,,https://www.apple.com/iphone-17/specs/,"Super Retina XDR OLED, 120Hz ProMotion, HDR",6.3 inches,1206 x 2622 pixels,120,iOS,Apple A19,6-core CPU (2 performance + 4 efficiency),Apple GPU (5-core graphics),48 MP Fusion wide + 48 MP ultrawide,48,18 MP Center Stage,18,Built-in rechargeable lithium-ion battery,,Fast charge; 25W MagSafe/Qi2 wireless,25,"Black, White, Mist Blue, Sage, Lavender",,,Apple official technical specifications,2026-10-02
Apple,Apple iPhone 17 Pro,12/256,Apple iPhone 17 Pro 12/256,,https://www.apple.com/iphone-17-pro/specs/,"LTPO Super Retina XDR OLED, 120Hz ProMotion, HDR",6.3 inches,1206 x 2622 pixels,120,iOS,Apple A19 Pro,6-core CPU,Apple GPU,48 MP wide + 48 MP periscope telephoto + 48 MP ultrawide,48,18 MP Center Stage,18,Built-in rechargeable lithium-ion battery,,Fast charge; MagSafe/Qi2 wireless,,"Silver, Cosmic Orange, Deep Blue",,,Apple official technical specifications,2026-10-02
Apple,Apple iPhone 17 Pro,12/512,Apple iPhone 17 Pro 12/512,,https://www.apple.com/iphone-17-pro/specs/,"LTPO Super Retina XDR OLED, 120Hz ProMotion, HDR",6.3 inches,1206 x 2622 pixels,120,iOS,Apple A19 Pro,6-core CPU,Apple GPU,48 MP wide + 48 MP periscope telephoto + 48 MP ultrawide,48,18 MP Center Stage,18,Built-in rechargeable lithium-ion battery,,Fast charge; MagSafe/Qi2 wireless,,"Silver, Cosmic Orange, Deep Blue",,,Apple official technical specifications,2026-10-02
Apple,Apple iPhone 17 Pro Max,12/1024,Apple iPhone 17 Pro Max 12/1024,,https://www.apple.com/iphone-17-pro/specs/,"LTPO Super Retina XDR OLED, 120Hz ProMotion, HDR",6.9 inches,1320 x 2868 pixels,120,iOS,Apple A19 Pro,6-core CPU,Apple GPU,48 MP wide + 48 MP periscope telephoto + 48 MP ultrawide,48,18 MP Center Stage,18,Built-in rechargeable lithium-ion battery,,Fast charge; MagSafe/Qi2 wireless,,"Silver, Cosmic Orange, Deep Blue",,,Apple official technical specifications,2026-10-02
Apple,Apple iPhone 17 Pro Max,12/256,Apple iPhone 17 Pro Max 12/256,,https://www.apple.com/iphone-17-pro/specs/,"LTPO Super Retina XDR OLED, 120Hz ProMotion, HDR",6.9 inches,1320 x 2868 pixels,120,iOS,Apple A19 Pro,6-core CPU,Apple GPU,48 MP wide + 48 MP periscope telephoto + 48 MP ultrawide,48,18 MP Center Stage,18,Built-in rechargeable lithium-ion battery,,Fast charge; MagSafe/Qi2 wireless,,"Silver, Cosmic Orange, Deep Blue",,,Apple official technical specifications,2026-10-02
Apple,Apple iPhone 17 Pro Max,12/512,Apple iPhone 17 Pro Max 12/512,,https://www.apple.com/iphone-17-pro/specs/,"LTPO Super Retina XDR OLED, 120Hz ProMotion, HDR",6.9 inches,1320 x 2868 pixels,120,iOS,Apple A19 Pro,6-core CPU,Apple GPU,48 MP wide + 48 MP periscope telephoto + 48 MP ultrawide,48,18 MP Center Stage,18,Built-in rechargeable lithium-ion battery,,Fast charge; MagSafe/Qi2 wireless,,"Silver, Cosmic Orange, Deep Blue",,,Apple official technical specifications,2026-10-02
Apple,Apple iPhone Air,8/256,Apple iPhone Air 8/256,,https://www.apple.com/iphone-air/specs/,"Super Retina XDR OLED, 120Hz ProMotion, HDR",6.5 inches,1260 x 2736 pixels,120,iOS,Apple A19 Pro,6-core CPU,Apple GPU,48 MP Fusion wide,48,18 MP Center Stage,18,Built-in rechargeable lithium-ion battery,,Fast charge; MagSafe/Qi2 wireless,,"Space Black, Cloud White, Light Gold, Sky Blue",,,Apple official technical specifications,2026-10-02
Apple,Apple iPhone Air,8/512,Apple iPhone Air 8/512,,https://www.apple.com/iphone-air/specs/,"Super Retina XDR OLED, 120Hz ProMotion, HDR",6.5 inches,1260 x 2736 pixels,120,iOS,Apple A19 Pro,6-core CPU,Apple GPU,48 MP Fusion wide,48,18 MP Center Stage,18,Built-in rechargeable lithium-ion battery,,Fast charge; MagSafe/Qi2 wireless,,"Space Black, Cloud White, Light Gold, Sky Blue",,,Apple official technical specifications,2026-10-02
